image_id,label
redrot (142).jpeg,2
redrot (311).jpeg,2
redrot (24).jpeg,2
redrot (446).jpeg,2
redrot (235).jpeg,2
redrot (443).jpeg,2
redrot (190).jpeg,2
redrot (30).jpeg,2
redrot (14).jpeg,2
redrot (385).jpeg,2
redrot (512).jpeg,2
redrot (47).jpeg,2
redrot (60).jpeg,2
redrot (374).jpeg,2
redrot (99).jpeg,2
redrot (135).jpeg,2
redrot (160).jpeg,2
redrot (342).jpeg,2
redrot (386).jpeg,2
redrot (316).jpeg,2
redrot (23).jpeg,2
redrot (256).jpeg,2
redrot (255).jpeg,2
redrot (27).jpeg,2
redrot (267).jpeg,2
redrot (67).jpeg,2
redrot (170).jpeg,2
redrot (271).jpeg,2
redrot (278).jpeg,2
redrot (25).jpeg,2
redrot (328).jpeg,2
redrot (132).jpeg,2
redrot (94).jpeg,2
redrot (491).jpeg,2
redrot (276).jpeg,2
redrot (202).jpeg,2
redrot (358).jpeg,2
redrot (322).jpeg,2
redrot (71).jpeg,2
redrot (473).jpeg,2
redrot (369).jpeg,2
redrot (510).jpeg,2
redrot (437).jpeg,2
redrot (15).jpeg,2
redrot (407).jpeg,2
redrot (192).jpeg,2
redrot (138).jpeg,2
redrot (372).jpeg,2
redrot (208).jpeg,2
redrot (22).jpeg,2
redrot (466).jpeg,2
redrot (433).jpeg,2
redrot (96).jpeg,2
redrot (508).jpeg,2
redrot (397).jpeg,2
redrot (296).jpeg,2
redrot (325).jpeg,2
redrot (250).jpeg,2
redrot (249).jpeg,2
redrot (479).jpeg,2
redrot (188).jpeg,2
redrot (414).jpeg,2
redrot (65).jpeg,2
redrot (298).jpeg,2
redrot (365).jpeg,2
redrot (371).jpeg,2
redrot (507).jpeg,2
redrot (93).jpeg,2
redrot (200).jpeg,2
redrot (77).jpeg,2
redrot (254).jpeg,2
redrot (281).jpeg,2
redrot (422).jpeg,2
redrot (471).jpeg,2
redrot (68).jpeg,2
redrot (351).jpeg,2
redrot (186).jpeg,2
redrot (137).jpeg,2
redrot (5).jpeg,2
redrot (196).jpeg,2
redrot (468).jpeg,2
redrot (275).jpeg,2
redrot (37).jpeg,2
redrot (2).jpeg,2
redrot (18).jpeg,2
redrot (80).jpeg,2
redrot (431).jpeg,2
redrot (133).jpeg,2
redrot (480).jpeg,2
redrot (212).jpeg,2
redrot (410).jpeg,2
redrot (40).jpeg,2
redrot (418).jpeg,2
redrot (220).jpeg,2
redrot (304).jpeg,2
redrot (153).jpeg,2
redrot (164).jpeg,2
redrot (146).jpeg,2
redrot (214).jpeg,2
redrot (260).jpeg,2
redrot (495).jpeg,2
redrot (517).jpeg,2
redrot (344).jpeg,2
redrot (321).jpeg,2
redrot (343).jpeg,2
redrot (476).jpeg,2
redrot (74).jpeg,2
redrot (357).jpeg,2
redrot (292).jpeg,2
redrot (452).jpeg,2
redrot (272).jpeg,2
redrot (7).jpeg,2
redrot (411).jpeg,2
redrot (218).jpeg,2
redrot (500).jpeg,2
redrot (308).jpeg,2
redrot (451).jpeg,2
redrot (499).jpeg,2
redrot (458).jpeg,2
redrot (346).jpeg,2
redrot (118).jpeg,2
redrot (324).jpeg,2
redrot (310).jpeg,2
redrot (113).jpeg,2
redrot (345).jpeg,2
redrot (455).jpeg,2
redrot (353).jpeg,2
redrot (247).jpeg,2
redrot (98).jpeg,2
redrot (320).jpeg,2
redrot (100).jpeg,2
redrot (128).jpeg,2
redrot (17).jpeg,2
redrot (340).jpeg,2
redrot (498).jpeg,2
redrot (181).jpeg,2
redrot (19).jpeg,2
redrot (31).jpeg,2
redrot (70).jpeg,2
redrot (222).jpeg,2
redrot (120).jpeg,2
redrot (402).jpeg,2
redrot (335).jpeg,2
redrot (158).jpeg,2
redrot (363).jpeg,2
redrot (221).jpeg,2
redrot (228).jpeg,2
redrot (126).jpeg,2
redrot (10).jpeg,2
redrot (185).jpeg,2
redrot (490).jpeg,2
redrot (290).jpeg,2
redrot (199).jpeg,2
redrot (109).jpeg,2
redrot (493).jpeg,2
redrot (327).jpeg,2
redrot (172).jpeg,2
redrot (175).jpeg,2
redrot (203).jpeg,2
redrot (368).jpeg,2
redrot (58).jpeg,2
redrot (187).jpeg,2
redrot (155).jpeg,2
redrot (87).jpeg,2
redrot (317).jpeg,2
redrot (318).jpeg,2
redrot (514).jpeg,2
redrot (288).jpeg,2
redrot (362).jpeg,2
redrot (136).jpeg,2
redrot (394).jpeg,2
redrot (6).jpeg,2
redrot (83).jpeg,2
redrot (313).jpeg,2
redrot (205).jpeg,2
redrot (426).jpeg,2
redrot (193).jpeg,2
redrot (339).jpeg,2
redrot (111).jpeg,2
redrot (262).jpeg,2
redrot (391).jpeg,2
redrot (72).jpeg,2
redrot (13).jpeg,2
redrot (280).jpeg,2
redrot (449).jpeg,2
redrot (450).jpeg,2
redrot (140).jpeg,2
redrot (389).jpeg,2
redrot (403).jpeg,2
redrot (215).jpeg,2
redrot (161).jpeg,2
redrot (515).jpeg,2
redrot (246).jpeg,2
redrot (42).jpeg,2
redrot (8).jpeg,2
redrot (32).jpeg,2
redrot (253).jpeg,2
redrot (106).jpeg,2
redrot (333).jpeg,2
redrot (496).jpeg,2
redrot (206).jpeg,2
redrot (36).jpeg,2
redrot (191).jpeg,2
redrot (501).jpeg,2
redrot (503).jpeg,2
redrot (232).jpeg,2
redrot (494).jpeg,2
redrot (251).jpeg,2
redrot (28).jpeg,2
redrot (91).jpeg,2
redrot (48).jpeg,2
redrot (279).jpeg,2
redrot (291).jpeg,2
redrot (448).jpeg,2
redrot (63).jpeg,2
redrot (463).jpeg,2
redrot (125).jpeg,2
redrot (149).jpeg,2
redrot (92).jpeg,2
redrot (1).jpeg,2
redrot (511).jpeg,2
redrot (201).jpeg,2
redrot (404).jpeg,2
redrot (154).jpeg,2
redrot (441).jpeg,2
redrot (46).jpeg,2
redrot (483).jpeg,2
redrot (430).jpeg,2
redrot (55).jpeg,2
redrot (315).jpeg,2
redrot (364).jpeg,2
redrot (53).jpeg,2
redrot (465).jpeg,2
redrot (157).jpeg,2
redrot (435).jpeg,2
redrot (445).jpeg,2
redrot (406).jpeg,2
redrot (390).jpeg,2
redrot (442).jpeg,2
redrot (233).jpeg,2
redrot (213).jpeg,2
redrot (209).jpeg,2
redrot (415).jpeg,2
redrot (107).jpeg,2
redrot (165).jpeg,2
redrot (302).jpeg,2
redrot (481).jpeg,2
redrot (472).jpeg,2
redrot (423).jpeg,2
redrot (167).jpeg,2
redrot (82).jpeg,2
redrot (124).jpeg,2
redrot (226).jpeg,2
redrot (379).jpeg,2
redrot (513).jpeg,2
redrot (189).jpeg,2
redrot (421).jpeg,2
redrot (43).jpeg,2
redrot (470).jpeg,2
redrot (44).jpeg,2
redrot (61).jpeg,2
redrot (341).jpeg,2
redrot (127).jpeg,2
redrot (224).jpeg,2
redrot (20).jpeg,2
redrot (57).jpeg,2
redrot (348).jpeg,2
redrot (148).jpeg,2
redrot (139).jpeg,2
redrot (178).jpeg,2
redrot (141).jpeg,2
redrot (359).jpeg,2
redrot (360).jpeg,2
redrot (227).jpeg,2
redrot (305).jpeg,2
redrot (41).jpeg,2
redrot (4).jpeg,2
redrot (211).jpeg,2
redrot (375).jpeg,2
redrot (204).jpeg,2
redrot (504).jpeg,2
redrot (356).jpeg,2
redrot (265).jpeg,2
redrot (152).jpeg,2
redrot (105).jpeg,2
redrot (319).jpeg,2
redrot (108).jpeg,2
redrot (489).jpeg,2
redrot (210).jpeg,2
redrot (395).jpeg,2
redrot (110).jpeg,2
redrot (336).jpeg,2
redrot (144).jpeg,2
redrot (306).jpeg,2
redrot (334).jpeg,2
redrot (299).jpeg,2
redrot (398).jpeg,2
redrot (130).jpeg,2
redrot (151).jpeg,2
redrot (54).jpeg,2
redrot (273).jpeg,2
redrot (366).jpeg,2
redrot (229).jpeg,2
redrot (78).jpeg,2
redrot (84).jpeg,2
redrot (225).jpeg,2
redrot (79).jpeg,2
redrot (177).jpeg,2
redrot (425).jpeg,2
redrot (447).jpeg,2
redrot (243).jpeg,2
redrot (197).jpeg,2
redrot (121).jpeg,2
redrot (258).jpeg,2
redrot (252).jpeg,2
redrot (417).jpeg,2
redrot (277).jpeg,2
redrot (370).jpeg,2
redrot (505).jpeg,2
redrot (49).jpeg,2
redrot (50).jpeg,2
redrot (326).jpeg,2
redrot (382).jpeg,2
redrot (88).jpeg,2
redrot (134).jpeg,2
redrot (419).jpeg,2
redrot (62).jpeg,2
redrot (174).jpeg,2
redrot (352).jpeg,2
redrot (303).jpeg,2
redrot (117).jpeg,2
redrot (101).jpeg,2
redrot (286).jpeg,2
redrot (52).jpeg,2
redrot (312).jpeg,2
redrot (330).jpeg,2
redrot (469).jpeg,2
redrot (477).jpeg,2
redrot (116).jpeg,2
redrot (26).jpeg,2
redrot (156).jpeg,2
redrot (383).jpeg,2
redrot (179).jpeg,2
redrot (486).jpeg,2
redrot (183).jpeg,2
redrot (453).jpeg,2
redrot (237).jpeg,2
redrot (166).jpeg,2
redrot (66).jpeg,2
redrot (337).jpeg,2
redrot (381).jpeg,2
redrot (268).jpeg,2
redrot (428).jpeg,2
redrot (492).jpeg,2
redrot (90).jpeg,2
redrot (169).jpeg,2
redrot (409).jpeg,2
redrot (242).jpeg,2
redrot (502).jpeg,2
redrot (434).jpeg,2
redrot (102).jpeg,2
redrot (51).jpeg,2
redrot (45).jpeg,2
redrot (97).jpeg,2
redrot (239).jpeg,2
redrot (297).jpeg,2
redrot (236).jpeg,2
redrot (300).jpeg,2
redrot (399).jpeg,2
redrot (424).jpeg,2
redrot (219).jpeg,2
redrot (301).jpeg,2
redrot (234).jpeg,2
redrot (264).jpeg,2
redrot (478).jpeg,2
redrot (230).jpeg,2
redrot (294).jpeg,2
redrot (464).jpeg,2
redrot (283).jpeg,2
redrot (420).jpeg,2
redrot (269).jpeg,2
redrot (195).jpeg,2
redrot (176).jpeg,2
redrot (245).jpeg,2
redrot (29).jpeg,2
redrot (347).jpeg,2
redrot (373).jpeg,2
redrot (289).jpeg,2
redrot (439).jpeg,2
redrot (257).jpeg,2
redrot (323).jpeg,2
redrot (475).jpeg,2
redrot (182).jpeg,2
redrot (474).jpeg,2
redrot (331).jpeg,2
redrot (16).jpeg,2
redrot (259).jpeg,2
redrot (9).jpeg,2
redrot (427).jpeg,2
redrot (184).jpeg,2
redrot (454).jpeg,2
redrot (429).jpeg,2
redrot (376).jpeg,2
redrot (198).jpeg,2
redrot (38).jpeg,2
redrot (159).jpeg,2
redrot (89).jpeg,2
redrot (173).jpeg,2
redrot (85).jpeg,2
redrot (380).jpeg,2
redrot (150).jpeg,2
redrot (392).jpeg,2
redrot (444).jpeg,2
redrot (207).jpeg,2
redrot (314).jpeg,2
redrot (282).jpeg,2
redrot (461).jpeg,2
redrot (274).jpeg,2
redrot (309).jpeg,2
redrot (462).jpeg,2
redrot (266).jpeg,2
redrot (11).jpeg,2
redrot (33).jpeg,2
redrot (263).jpeg,2
redrot (367).jpeg,2
redrot (460).jpeg,2
redrot (241).jpeg,2
redrot (131).jpeg,2
redrot (405).jpeg,2
redrot (482).jpeg,2
redrot (285).jpeg,2
redrot (39).jpeg,2
redrot (73).jpeg,2
redrot (350).jpeg,2
redrot (467).jpeg,2
redrot (171).jpeg,2
redrot (459).jpeg,2
redrot (143).jpeg,2
redrot (104).jpeg,2
redrot (81).jpeg,2
redrot (487).jpeg,2
redrot (180).jpeg,2
redrot (244).jpeg,2
redrot (231).jpeg,2
redrot (75).jpeg,2
redrot (284).jpeg,2
redrot (21).jpeg,2
redrot (162).jpeg,2
redrot (355).jpeg,2
redrot (163).jpeg,2
redrot (122).jpeg,2
redrot (112).jpeg,2
redrot (129).jpeg,2
redrot (238).jpeg,2
redrot (408).jpeg,2
redrot (338).jpeg,2
redrot (270).jpeg,2
redrot (349).jpeg,2
redrot (35).jpeg,2
redrot (388).jpeg,2
redrot (518).jpeg,2
redrot (393).jpeg,2
redrot (3).jpeg,2
redrot (400).jpeg,2
redrot (86).jpeg,2
redrot (12).jpeg,2
redrot (59).jpeg,2
redrot (287).jpeg,2
redrot (387).jpeg,2
redrot (119).jpeg,2
redrot (34).jpeg,2
redrot (332).jpeg,2
redrot (295).jpeg,2
redrot (436).jpeg,2
redrot (497).jpeg,2
redrot (114).jpeg,2
redrot (354).jpeg,2
redrot (412).jpeg,2
redrot (123).jpeg,2
redrot (223).jpeg,2
redrot (147).jpeg,2
redrot (457).jpeg,2
redrot (145).jpeg,2
redrot (248).jpeg,2
redrot (217).jpeg,2
redrot (396).jpeg,2
redrot (115).jpeg,2
redrot (416).jpeg,2
redrot (384).jpeg,2
redrot (484).jpeg,2
redrot (432).jpeg,2
redrot (56).jpeg,2
redrot (64).jpeg,2
redrot (378).jpeg,2
redrot (216).jpeg,2
redrot (485).jpeg,2
redrot (240).jpeg,2
redrot (76).jpeg,2
redrot (307).jpeg,2
redrot (456).jpeg,2
redrot (401).jpeg,2
redrot (413).jpeg,2
redrot (506).jpeg,2
redrot (329).jpeg,2
redrot (488).jpeg,2
redrot (440).jpeg,2
redrot (103).jpeg,2
redrot (293).jpeg,2
redrot (361).jpeg,2
redrot (168).jpeg,2
redrot (194).jpeg,2
redrot (69).jpeg,2
redrot (516).jpeg,2
redrot (509).jpeg,2
redrot (95).jpeg,2
redrot (261).jpeg,2
redrot (377).jpeg,2
redrot (438).jpeg,2
mosaic (122).jpeg,1
mosaic (451).jpeg,1
mosaic (273).jpeg,1
mosaic (321).jpeg,1
mosaic (198).jpeg,1
mosaic (261).jpeg,1
mosaic (313).jpeg,1
mosaic (219).jpeg,1
mosaic (152).jpeg,1
mosaic (289).jpeg,1
mosaic (333).jpeg,1
mosaic (461).jpeg,1
mosaic (149).jpeg,1
mosaic (33).jpeg,1
mosaic (378).jpeg,1
mosaic (57).jpeg,1
mosaic (176).jpeg,1
mosaic (51).jpeg,1
mosaic (20).jpeg,1
mosaic (137).jpeg,1
mosaic (251).jpeg,1
mosaic (203).jpeg,1
mosaic (446).jpeg,1
mosaic (291).jpeg,1
mosaic (301).jpeg,1
mosaic (345).jpeg,1
mosaic (255).jpeg,1
mosaic (174).jpeg,1
mosaic (80).jpeg,1
mosaic (442).jpeg,1
mosaic (109).jpeg,1
mosaic (362).jpeg,1
mosaic (92).jpeg,1
mosaic (19).jpeg,1
mosaic (21).jpeg,1
mosaic (83).jpeg,1
mosaic (86).jpeg,1
mosaic (440).jpeg,1
mosaic (399).jpeg,1
mosaic (231).jpeg,1
mosaic (441).jpeg,1
mosaic (103).jpeg,1
mosaic (180).jpeg,1
mosaic (418).jpeg,1
mosaic (39).jpeg,1
mosaic (364).jpeg,1
mosaic (266).jpeg,1
mosaic (193).jpeg,1
mosaic (259).jpeg,1
mosaic (210).jpeg,1
mosaic (276).jpeg,1
mosaic (258).jpeg,1
mosaic (310).jpeg,1
mosaic (12).jpeg,1
mosaic (31).jpeg,1
mosaic (347).jpeg,1
mosaic (452).jpeg,1
mosaic (97).jpeg,1
mosaic (241).jpeg,1
mosaic (112).jpeg,1
mosaic (118).jpeg,1
mosaic (243).jpeg,1
mosaic (252).jpeg,1
mosaic (69).jpeg,1
mosaic (169).jpeg,1
mosaic (257).jpeg,1
mosaic (256).jpeg,1
mosaic (67).jpeg,1
mosaic (177).jpeg,1
mosaic (341).jpeg,1
mosaic (68).jpeg,1
mosaic (373).jpeg,1
mosaic (194).jpeg,1
mosaic (96).jpeg,1
mosaic (224).jpeg,1
mosaic (402).jpeg,1
mosaic (8).jpeg,1
mosaic (453).jpeg,1
mosaic (143).jpeg,1
mosaic (247).jpeg,1
mosaic (352).jpeg,1
mosaic (116).jpeg,1
mosaic (2).jpeg,1
mosaic (360).jpeg,1
mosaic (232).jpeg,1
mosaic (235).jpeg,1
mosaic (438).jpeg,1
mosaic (18).jpeg,1
mosaic (202).jpeg,1
mosaic (59).jpeg,1
mosaic (163).jpeg,1
mosaic (90).jpeg,1
mosaic (271).jpeg,1
mosaic (287).jpeg,1
mosaic (200).jpeg,1
mosaic (185).jpeg,1
mosaic (127).jpeg,1
mosaic (385).jpeg,1
mosaic (145).jpeg,1
mosaic (24).jpeg,1
mosaic (186).jpeg,1
mosaic (433).jpeg,1
mosaic (153).jpeg,1
mosaic (417).jpeg,1
mosaic (277).jpeg,1
mosaic (380).jpeg,1
mosaic (45).jpeg,1
mosaic (242).jpeg,1
mosaic (117).jpeg,1
mosaic (138).jpeg,1
mosaic (227).jpeg,1
mosaic (400).jpeg,1
mosaic (409).jpeg,1
mosaic (293).jpeg,1
mosaic (74).jpeg,1
mosaic (269).jpeg,1
mosaic (123).jpeg,1
mosaic (191).jpeg,1
mosaic (298).jpeg,1
mosaic (208).jpeg,1
mosaic (427).jpeg,1
mosaic (72).jpeg,1
mosaic (201).jpeg,1
mosaic (250).jpeg,1
mosaic (56).jpeg,1
mosaic (58).jpeg,1
mosaic (32).jpeg,1
mosaic (349).jpeg,1
mosaic (70).jpeg,1
mosaic (175).jpeg,1
mosaic (239).jpeg,1
mosaic (107).jpeg,1
mosaic (121).jpeg,1
mosaic (216).jpeg,1
mosaic (332).jpeg,1
mosaic (356).jpeg,1
mosaic (245).jpeg,1
mosaic (170).jpeg,1
mosaic (398).jpeg,1
mosaic (350).jpeg,1
mosaic (100).jpeg,1
mosaic (244).jpeg,1
mosaic (233).jpeg,1
mosaic (246).jpeg,1
mosaic (456).jpeg,1
mosaic (1).jpeg,1
mosaic (377).jpeg,1
mosaic (11).jpeg,1
mosaic (388).jpeg,1
mosaic (26).jpeg,1
mosaic (42).jpeg,1
mosaic (264).jpeg,1
mosaic (436).jpeg,1
mosaic (13).jpeg,1
mosaic (236).jpeg,1
mosaic (52).jpeg,1
mosaic (159).jpeg,1
mosaic (336).jpeg,1
mosaic (3).jpeg,1
mosaic (189).jpeg,1
mosaic (366).jpeg,1
mosaic (254).jpeg,1
mosaic (124).jpeg,1
mosaic (422).jpeg,1
mosaic (29).jpeg,1
mosaic (416).jpeg,1
mosaic (457).jpeg,1
mosaic (346).jpeg,1
mosaic (280).jpeg,1
mosaic (40).jpeg,1
mosaic (359).jpeg,1
mosaic (315).jpeg,1
mosaic (46).jpeg,1
mosaic (460).jpeg,1
mosaic (71).jpeg,1
mosaic (53).jpeg,1
mosaic (419).jpeg,1
mosaic (229).jpeg,1
mosaic (448).jpeg,1
mosaic (411).jpeg,1
mosaic (215).jpeg,1
mosaic (407).jpeg,1
mosaic (281).jpeg,1
mosaic (41).jpeg,1
mosaic (353).jpeg,1
mosaic (47).jpeg,1
mosaic (368).jpeg,1
mosaic (390).jpeg,1
mosaic (101).jpeg,1
mosaic (129).jpeg,1
mosaic (270).jpeg,1
mosaic (114).jpeg,1
mosaic (214).jpeg,1
mosaic (91).jpeg,1
mosaic (260).jpeg,1
mosaic (133).jpeg,1
mosaic (225).jpeg,1
mosaic (85).jpeg,1
mosaic (267).jpeg,1
mosaic (284).jpeg,1
mosaic (49).jpeg,1
mosaic (230).jpeg,1
mosaic (428).jpeg,1
mosaic (300).jpeg,1
mosaic (55).jpeg,1
mosaic (165).jpeg,1
mosaic (130).jpeg,1
mosaic (213).jpeg,1
mosaic (447).jpeg,1
mosaic (268).jpeg,1
mosaic (445).jpeg,1
mosaic (286).jpeg,1
mosaic (437).jpeg,1
mosaic (430).jpeg,1
mosaic (48).jpeg,1
mosaic (4).jpeg,1
mosaic (35).jpeg,1
mosaic (108).jpeg,1
mosaic (382).jpeg,1
mosaic (144).jpeg,1
mosaic (415).jpeg,1
mosaic (307).jpeg,1
mosaic (5).jpeg,1
mosaic (413).jpeg,1
mosaic (340).jpeg,1
mosaic (376).jpeg,1
mosaic (132).jpeg,1
mosaic (173).jpeg,1
mosaic (279).jpeg,1
mosaic (285).jpeg,1
mosaic (44).jpeg,1
mosaic (410).jpeg,1
mosaic (54).jpeg,1
mosaic (172).jpeg,1
mosaic (443).jpeg,1
mosaic (136).jpeg,1
mosaic (405).jpeg,1
mosaic (462).jpeg,1
mosaic (195).jpeg,1
mosaic (238).jpeg,1
mosaic (113).jpeg,1
mosaic (204).jpeg,1
mosaic (272).jpeg,1
mosaic (157).jpeg,1
mosaic (160).jpeg,1
mosaic (386).jpeg,1
mosaic (221).jpeg,1
mosaic (404).jpeg,1
mosaic (7).jpeg,1
mosaic (249).jpeg,1
mosaic (82).jpeg,1
mosaic (444).jpeg,1
mosaic (156).jpeg,1
mosaic (84).jpeg,1
mosaic (27).jpeg,1
mosaic (76).jpeg,1
mosaic (14).jpeg,1
mosaic (325).jpeg,1
mosaic (158).jpeg,1
mosaic (383).jpeg,1
mosaic (131).jpeg,1
mosaic (308).jpeg,1
mosaic (316).jpeg,1
mosaic (375).jpeg,1
mosaic (179).jpeg,1
mosaic (344).jpeg,1
mosaic (387).jpeg,1
mosaic (322).jpeg,1
mosaic (15).jpeg,1
mosaic (305).jpeg,1
mosaic (190).jpeg,1
mosaic (206).jpeg,1
mosaic (309).jpeg,1
mosaic (414).jpeg,1
mosaic (10).jpeg,1
mosaic (454).jpeg,1
mosaic (429).jpeg,1
mosaic (102).jpeg,1
mosaic (365).jpeg,1
mosaic (89).jpeg,1
mosaic (312).jpeg,1
mosaic (16).jpeg,1
mosaic (434).jpeg,1
mosaic (77).jpeg,1
mosaic (406).jpeg,1
mosaic (43).jpeg,1
mosaic (22).jpeg,1
mosaic (106).jpeg,1
mosaic (379).jpeg,1
mosaic (140).jpeg,1
mosaic (330).jpeg,1
mosaic (134).jpeg,1
mosaic (423).jpeg,1
mosaic (50).jpeg,1
mosaic (295).jpeg,1
mosaic (94).jpeg,1
mosaic (334).jpeg,1
mosaic (168).jpeg,1
mosaic (328).jpeg,1
mosaic (171).jpeg,1
mosaic (154).jpeg,1
mosaic (120).jpeg,1
mosaic (237).jpeg,1
mosaic (75).jpeg,1
mosaic (370).jpeg,1
mosaic (389).jpeg,1
mosaic (431).jpeg,1
mosaic (339).jpeg,1
mosaic (79).jpeg,1
mosaic (222).jpeg,1
mosaic (211).jpeg,1
mosaic (394).jpeg,1
mosaic (342).jpeg,1
mosaic (297).jpeg,1
mosaic (324).jpeg,1
mosaic (392).jpeg,1
mosaic (439).jpeg,1
mosaic (367).jpeg,1
mosaic (23).jpeg,1
mosaic (104).jpeg,1
mosaic (282).jpeg,1
mosaic (99).jpeg,1
mosaic (228).jpeg,1
mosaic (318).jpeg,1
mosaic (458).jpeg,1
mosaic (81).jpeg,1
mosaic (319).jpeg,1
mosaic (292).jpeg,1
mosaic (278).jpeg,1
mosaic (151).jpeg,1
mosaic (73).jpeg,1
mosaic (459).jpeg,1
mosaic (187).jpeg,1
mosaic (223).jpeg,1
mosaic (226).jpeg,1
mosaic (421).jpeg,1
mosaic (361).jpeg,1
mosaic (262).jpeg,1
mosaic (355).jpeg,1
mosaic (449).jpeg,1
mosaic (34).jpeg,1
mosaic (126).jpeg,1
mosaic (141).jpeg,1
mosaic (98).jpeg,1
mosaic (212).jpeg,1
mosaic (135).jpeg,1
mosaic (424).jpeg,1
mosaic (357).jpeg,1
mosaic (234).jpeg,1
mosaic (331).jpeg,1
mosaic (150).jpeg,1
mosaic (17).jpeg,1
mosaic (147).jpeg,1
mosaic (248).jpeg,1
mosaic (403).jpeg,1
mosaic (299).jpeg,1
mosaic (371).jpeg,1
mosaic (128).jpeg,1
mosaic (161).jpeg,1
mosaic (164).jpeg,1
mosaic (66).jpeg,1
mosaic (323).jpeg,1
mosaic (205).jpeg,1
mosaic (265).jpeg,1
mosaic (183).jpeg,1
mosaic (320).jpeg,1
mosaic (372).jpeg,1
mosaic (105).jpeg,1
mosaic (358).jpeg,1
mosaic (327).jpeg,1
mosaic (329).jpeg,1
mosaic (36).jpeg,1
mosaic (181).jpeg,1
mosaic (148).jpeg,1
mosaic (326).jpeg,1
mosaic (38).jpeg,1
mosaic (401).jpeg,1
mosaic (167).jpeg,1
mosaic (384).jpeg,1
mosaic (303).jpeg,1
mosaic (343).jpeg,1
mosaic (93).jpeg,1
mosaic (61).jpeg,1
mosaic (314).jpeg,1
mosaic (304).jpeg,1
mosaic (207).jpeg,1
mosaic (64).jpeg,1
mosaic (296).jpeg,1
mosaic (78).jpeg,1
mosaic (391).jpeg,1
mosaic (139).jpeg,1
mosaic (397).jpeg,1
mosaic (87).jpeg,1
mosaic (395).jpeg,1
mosaic (65).jpeg,1
mosaic (306).jpeg,1
mosaic (288).jpeg,1
mosaic (95).jpeg,1
mosaic (37).jpeg,1
mosaic (217).jpeg,1
mosaic (162).jpeg,1
mosaic (9).jpeg,1
mosaic (197).jpeg,1
mosaic (62).jpeg,1
mosaic (348).jpeg,1
mosaic (455).jpeg,1
mosaic (369).jpeg,1
mosaic (63).jpeg,1
mosaic (311).jpeg,1
mosaic (182).jpeg,1
mosaic (408).jpeg,1
mosaic (432).jpeg,1
mosaic (30).jpeg,1
mosaic (396).jpeg,1
mosaic (426).jpeg,1
mosaic (192).jpeg,1
mosaic (188).jpeg,1
mosaic (184).jpeg,1
mosaic (317).jpeg,1
mosaic (283).jpeg,1
mosaic (435).jpeg,1
mosaic (302).jpeg,1
mosaic (381).jpeg,1
mosaic (374).jpeg,1
mosaic (335).jpeg,1
mosaic (146).jpeg,1
mosaic (218).jpeg,1
mosaic (155).jpeg,1
mosaic (412).jpeg,1
mosaic (274).jpeg,1
mosaic (425).jpeg,1
mosaic (111).jpeg,1
mosaic (294).jpeg,1
mosaic (393).jpeg,1
mosaic (253).jpeg,1
mosaic (354).jpeg,1
mosaic (25).jpeg,1
mosaic (290).jpeg,1
mosaic (166).jpeg,1
mosaic (351).jpeg,1
mosaic (88).jpeg,1
mosaic (196).jpeg,1
mosaic (363).jpeg,1
mosaic (420).jpeg,1
mosaic (178).jpeg,1
mosaic (450).jpeg,1
mosaic (338).jpeg,1
mosaic (337).jpeg,1
mosaic (115).jpeg,1
mosaic (263).jpeg,1
mosaic (209).jpeg,1
mosaic (142).jpeg,1
mosaic (199).jpeg,1
mosaic (240).jpeg,1
mosaic (60).jpeg,1
mosaic (6).jpeg,1
mosaic (125).jpeg,1
mosaic (220).jpeg,1
mosaic (28).jpeg,1
mosaic (119).jpeg,1
mosaic (275).jpeg,1
mosaic (110).jpeg,1
rust (314).jpeg,3
rust (259).jpeg,3
rust (128).jpeg,3
rust (419).jpeg,3
rust (9).jpeg,3
rust (73).jpeg,3
rust (241).jpeg,3
rust (468).jpeg,3
rust (12).jpeg,3
rust (469).jpeg,3
rust (513).jpeg,3
rust (140).jpeg,3
rust (500).jpeg,3
rust (242).jpeg,3
rust (23).jpeg,3
rust (108).jpeg,3
rust (308).jpeg,3
rust (425).jpeg,3
rust (180).jpeg,3
rust (119).jpeg,3
rust (165).jpeg,3
rust (437).jpeg,3
rust (438).jpeg,3
rust (110).jpeg,3
rust (5).jpeg,3
rust (462).jpeg,3
rust (324).jpeg,3
rust (176).jpeg,3
rust (50).jpeg,3
rust (67).jpeg,3
rust (283).jpeg,3
rust (339).jpeg,3
rust (197).jpeg,3
rust (252).jpeg,3
rust (286).jpeg,3
rust (394).jpeg,3
rust (388).jpeg,3
rust (373).jpeg,3
rust (135).jpeg,3
rust (479).jpeg,3
rust (66).jpeg,3
rust (340).jpeg,3
rust (139).jpeg,3
rust (478).jpeg,3
rust (199).jpeg,3
rust (272).jpeg,3
rust (319).jpeg,3
rust (41).jpeg,3
rust (261).jpeg,3
rust (495).jpeg,3
rust (353).jpeg,3
rust (109).jpeg,3
rust (75).jpeg,3
rust (49).jpeg,3
rust (126).jpeg,3
rust (329).jpeg,3
rust (446).jpeg,3
rust (219).jpeg,3
rust (477).jpeg,3
rust (101).jpeg,3
rust (207).jpeg,3
rust (131).jpeg,3
rust (260).jpeg,3
rust (448).jpeg,3
rust (476).jpeg,3
rust (503).jpeg,3
rust (189).jpeg,3
rust (441).jpeg,3
rust (63).jpeg,3
rust (400).jpeg,3
rust (68).jpeg,3
rust (304).jpeg,3
rust (290).jpeg,3
rust (181).jpeg,3
rust (287).jpeg,3
rust (414).jpeg,3
rust (355).jpeg,3
rust (90).jpeg,3
rust (148).jpeg,3
rust (430).jpeg,3
rust (206).jpeg,3
rust (514).jpeg,3
rust (147).jpeg,3
rust (443).jpeg,3
rust (145).jpeg,3
rust (37).jpeg,3
rust (34).jpeg,3
rust (328).jpeg,3
rust (306).jpeg,3
rust (15).jpeg,3
rust (368).jpeg,3
rust (450).jpeg,3
rust (338).jpeg,3
rust (129).jpeg,3
rust (210).jpeg,3
rust (360).jpeg,3
rust (327).jpeg,3
rust (481).jpeg,3
rust (342).jpeg,3
rust (305).jpeg,3
rust (29).jpeg,3
rust (152).jpeg,3
rust (203).jpeg,3
rust (301).jpeg,3
rust (429).jpeg,3
rust (3).jpeg,3
rust (61).jpeg,3
rust (83).jpeg,3
rust (151).jpeg,3
rust (91).jpeg,3
rust (160).jpeg,3
rust (80).jpeg,3
rust (105).jpeg,3
rust (155).jpeg,3
rust (271).jpeg,3
rust (30).jpeg,3
rust (17).jpeg,3
rust (374).jpeg,3
rust (103).jpeg,3
rust (316).jpeg,3
rust (21).jpeg,3
rust (461).jpeg,3
rust (190).jpeg,3
rust (386).jpeg,3
rust (154).jpeg,3
rust (426).jpeg,3
rust (43).jpeg,3
rust (100).jpeg,3
rust (257).jpeg,3
rust (45).jpeg,3
rust (211).jpeg,3
rust (209).jpeg,3
rust (196).jpeg,3
rust (427).jpeg,3
rust (370).jpeg,3
rust (71).jpeg,3
rust (366).jpeg,3
rust (381).jpeg,3
rust (170).jpeg,3
rust (162).jpeg,3
rust (171).jpeg,3
rust (490).jpeg,3
rust (332).jpeg,3
rust (169).jpeg,3
rust (444).jpeg,3
rust (458).jpeg,3
rust (270).jpeg,3
rust (82).jpeg,3
rust (94).jpeg,3
rust (424).jpeg,3
rust (96).jpeg,3
rust (174).jpeg,3
rust (6).jpeg,3
rust (107).jpeg,3
rust (98).jpeg,3
rust (85).jpeg,3
rust (309).jpeg,3
rust (292).jpeg,3
rust (506).jpeg,3
rust (487).jpeg,3
rust (167).jpeg,3
rust (46).jpeg,3
rust (291).jpeg,3
rust (396).jpeg,3
rust (127).jpeg,3
rust (383).jpeg,3
rust (499).jpeg,3
rust (104).jpeg,3
rust (345).jpeg,3
rust (343).jpeg,3
rust (313).jpeg,3
rust (102).jpeg,3
rust (232).jpeg,3
rust (28).jpeg,3
rust (310).jpeg,3
rust (480).jpeg,3
rust (281).jpeg,3
rust (397).jpeg,3
rust (130).jpeg,3
rust (422).jpeg,3
rust (74).jpeg,3
rust (455).jpeg,3
rust (31).jpeg,3
rust (336).jpeg,3
rust (215).jpeg,3
rust (440).jpeg,3
rust (193).jpeg,3
rust (356).jpeg,3
rust (349).jpeg,3
rust (507).jpeg,3
rust (382).jpeg,3
rust (354).jpeg,3
rust (121).jpeg,3
rust (13).jpeg,3
rust (76).jpeg,3
rust (497).jpeg,3
rust (69).jpeg,3
rust (84).jpeg,3
rust (225).jpeg,3
rust (421).jpeg,3
rust (457).jpeg,3
rust (226).jpeg,3
rust (474).jpeg,3
rust (289).jpeg,3
rust (93).jpeg,3
rust (224).jpeg,3
rust (65).jpeg,3
rust (352).jpeg,3
rust (192).jpeg,3
rust (371).jpeg,3
rust (442).jpeg,3
rust (407).jpeg,3
rust (8).jpeg,3
rust (418).jpeg,3
rust (359).jpeg,3
rust (315).jpeg,3
rust (496).jpeg,3
rust (276).jpeg,3
rust (376).jpeg,3
rust (369).jpeg,3
rust (492).jpeg,3
rust (142).jpeg,3
rust (78).jpeg,3
rust (362).jpeg,3
rust (351).jpeg,3
rust (55).jpeg,3
rust (433).jpeg,3
rust (512).jpeg,3
rust (213).jpeg,3
rust (294).jpeg,3
rust (460).jpeg,3
rust (27).jpeg,3
rust (471).jpeg,3
rust (25).jpeg,3
rust (191).jpeg,3
rust (138).jpeg,3
rust (112).jpeg,3
rust (249).jpeg,3
rust (350).jpeg,3
rust (268).jpeg,3
rust (432).jpeg,3
rust (237).jpeg,3
rust (312).jpeg,3
rust (258).jpeg,3
rust (111).jpeg,3
rust (254).jpeg,3
rust (285).jpeg,3
rust (223).jpeg,3
rust (72).jpeg,3
rust (303).jpeg,3
rust (120).jpeg,3
rust (410).jpeg,3
rust (269).jpeg,3
rust (47).jpeg,3
rust (185).jpeg,3
rust (364).jpeg,3
rust (153).jpeg,3
rust (97).jpeg,3
rust (179).jpeg,3
rust (344).jpeg,3
rust (7).jpeg,3
rust (188).jpeg,3
rust (202).jpeg,3
rust (408).jpeg,3
rust (375).jpeg,3
rust (380).jpeg,3
rust (411).jpeg,3
rust (483).jpeg,3
rust (320).jpeg,3
rust (398).jpeg,3
rust (221).jpeg,3
rust (367).jpeg,3
rust (14).jpeg,3
rust (295).jpeg,3
rust (52).jpeg,3
rust (214).jpeg,3
rust (141).jpeg,3
rust (200).jpeg,3
rust (44).jpeg,3
rust (326).jpeg,3
rust (230).jpeg,3
rust (115).jpeg,3
rust (485).jpeg,3
rust (194).jpeg,3
rust (300).jpeg,3
rust (124).jpeg,3
rust (57).jpeg,3
rust (220).jpeg,3
rust (18).jpeg,3
rust (273).jpeg,3
rust (38).jpeg,3
rust (406).jpeg,3
rust (377).jpeg,3
rust (509).jpeg,3
rust (282).jpeg,3
rust (296).jpeg,3
rust (204).jpeg,3
rust (488).jpeg,3
rust (452).jpeg,3
rust (464).jpeg,3
rust (56).jpeg,3
rust (372).jpeg,3
rust (331).jpeg,3
rust (42).jpeg,3
rust (482).jpeg,3
rust (267).jpeg,3
rust (40).jpeg,3
rust (149).jpeg,3
rust (182).jpeg,3
rust (114).jpeg,3
rust (405).jpeg,3
rust (136).jpeg,3
rust (163).jpeg,3
rust (363).jpeg,3
rust (231).jpeg,3
rust (216).jpeg,3
rust (123).jpeg,3
rust (391).jpeg,3
rust (504).jpeg,3
rust (122).jpeg,3
rust (325).jpeg,3
rust (172).jpeg,3
rust (11).jpeg,3
rust (439).jpeg,3
rust (346).jpeg,3
rust (132).jpeg,3
rust (413).jpeg,3
rust (467).jpeg,3
rust (409).jpeg,3
rust (420).jpeg,3
rust (284).jpeg,3
rust (86).jpeg,3
rust (229).jpeg,3
rust (79).jpeg,3
rust (16).jpeg,3
rust (393).jpeg,3
rust (235).jpeg,3
rust (365).jpeg,3
rust (453).jpeg,3
rust (484).jpeg,3
rust (88).jpeg,3
rust (247).jpeg,3
rust (348).jpeg,3
rust (454).jpeg,3
rust (10).jpeg,3
rust (187).jpeg,3
rust (186).jpeg,3
rust (508).jpeg,3
rust (159).jpeg,3
rust (178).jpeg,3
rust (491).jpeg,3
rust (288).jpeg,3
rust (99).jpeg,3
rust (233).jpeg,3
rust (470).jpeg,3
rust (125).jpeg,3
rust (157).jpeg,3
rust (36).jpeg,3
rust (384).jpeg,3
rust (24).jpeg,3
rust (357).jpeg,3
rust (431).jpeg,3
rust (175).jpeg,3
rust (466).jpeg,3
rust (395).jpeg,3
rust (195).jpeg,3
rust (208).jpeg,3
rust (335).jpeg,3
rust (32).jpeg,3
rust (334).jpeg,3
rust (322).jpeg,3
rust (263).jpeg,3
rust (317).jpeg,3
rust (435).jpeg,3
rust (81).jpeg,3
rust (26).jpeg,3
rust (113).jpeg,3
rust (493).jpeg,3
rust (198).jpeg,3
rust (475).jpeg,3
rust (379).jpeg,3
rust (280).jpeg,3
rust (89).jpeg,3
rust (318).jpeg,3
rust (277).jpeg,3
rust (183).jpeg,3
rust (415).jpeg,3
rust (472).jpeg,3
rust (150).jpeg,3
rust (459).jpeg,3
rust (212).jpeg,3
rust (347).jpeg,3
rust (118).jpeg,3
rust (228).jpeg,3
rust (158).jpeg,3
rust (255).jpeg,3
rust (205).jpeg,3
rust (253).jpeg,3
rust (463).jpeg,3
rust (54).jpeg,3
rust (64).jpeg,3
rust (385).jpeg,3
rust (447).jpeg,3
rust (144).jpeg,3
rust (201).jpeg,3
rust (333).jpeg,3
rust (53).jpeg,3
rust (33).jpeg,3
rust (146).jpeg,3
rust (428).jpeg,3
rust (511).jpeg,3
rust (117).jpeg,3
rust (134).jpeg,3
rust (266).jpeg,3
rust (387).jpeg,3
rust (245).jpeg,3
rust (403).jpeg,3
rust (62).jpeg,3
rust (399).jpeg,3
rust (510).jpeg,3
rust (404).jpeg,3
rust (87).jpeg,3
rust (502).jpeg,3
rust (39).jpeg,3
rust (248).jpeg,3
rust (337).jpeg,3
rust (299).jpeg,3
rust (48).jpeg,3
rust (4).jpeg,3
rust (166).jpeg,3
rust (274).jpeg,3
rust (297).jpeg,3
rust (298).jpeg,3
rust (22).jpeg,3
rust (20).jpeg,3
rust (434).jpeg,3
rust (358).jpeg,3
rust (423).jpeg,3
rust (250).jpeg,3
rust (489).jpeg,3
rust (164).jpeg,3
rust (95).jpeg,3
rust (494).jpeg,3
rust (60).jpeg,3
rust (184).jpeg,3
rust (279).jpeg,3
rust (137).jpeg,3
rust (473).jpeg,3
rust (218).jpeg,3
rust (265).jpeg,3
rust (51).jpeg,3
rust (106).jpeg,3
rust (173).jpeg,3
rust (302).jpeg,3
rust (236).jpeg,3
rust (35).jpeg,3
rust (264).jpeg,3
rust (238).jpeg,3
rust (389).jpeg,3
rust (133).jpeg,3
rust (449).jpeg,3
rust (402).jpeg,3
rust (161).jpeg,3
rust (341).jpeg,3
rust (378).jpeg,3
rust (505).jpeg,3
rust (262).jpeg,3
rust (70).jpeg,3
rust (244).jpeg,3
rust (361).jpeg,3
rust (392).jpeg,3
rust (445).jpeg,3
rust (275).jpeg,3
rust (177).jpeg,3
rust (501).jpeg,3
rust (256).jpeg,3
rust (77).jpeg,3
rust (168).jpeg,3
rust (143).jpeg,3
rust (390).jpeg,3
rust (227).jpeg,3
rust (456).jpeg,3
rust (451).jpeg,3
rust (59).jpeg,3
rust (498).jpeg,3
rust (2).jpeg,3
rust (239).jpeg,3
rust (416).jpeg,3
rust (321).jpeg,3
rust (243).jpeg,3
rust (330).jpeg,3
rust (58).jpeg,3
rust (417).jpeg,3
rust (1).jpeg,3
rust (246).jpeg,3
rust (401).jpeg,3
rust (116).jpeg,3
rust (412).jpeg,3
rust (278).jpeg,3
rust (240).jpeg,3
rust (222).jpeg,3
rust (436).jpeg,3
rust (92).jpeg,3
rust (156).jpeg,3
rust (251).jpeg,3
rust (217).jpeg,3
rust (307).jpeg,3
rust (293).jpeg,3
rust (323).jpeg,3
rust (19).jpeg,3
rust (311).jpeg,3
rust (465).jpeg,3
rust (486).jpeg,3
rust (234).jpeg,3
healthy (98).jpeg,0
healthy (323).jpeg,0
healthy (467).jpeg,0
healthy (263).jpeg,0
healthy (32).jpeg,0
healthy (290).jpeg,0
healthy (299).jpeg,0
healthy (152).jpeg,0
healthy (449).jpeg,0
healthy (20).jpeg,0
healthy (354).jpeg,0
healthy (57).jpeg,0
healthy (55).jpeg,0
healthy (389).jpeg,0
healthy (16).jpeg,0
healthy (405).jpeg,0
healthy (402).jpeg,0
healthy (418).jpeg,0
healthy (244).jpeg,0
healthy (109).jpeg,0
healthy (307).jpeg,0
healthy (139).jpeg,0
healthy (200).jpeg,0
healthy (166).jpeg,0
healthy (33).jpeg,0
healthy (451).jpeg,0
healthy (110).jpeg,0
healthy (350).jpeg,0
healthy (460).jpeg,0
healthy (47).jpeg,0
healthy (269).jpeg,0
healthy (111).jpeg,0
healthy (67).jpeg,0
healthy (235).jpeg,0
healthy (444).jpeg,0
healthy (227).jpeg,0
healthy (164).jpeg,0
healthy (331).jpeg,0
healthy (228).jpeg,0
healthy (478).jpeg,0
healthy (123).jpeg,0
healthy (336).jpeg,0
healthy (121).jpeg,0
healthy (271).jpeg,0
healthy (474).jpeg,0
healthy (130).jpeg,0
healthy (216).jpeg,0
healthy (183).jpeg,0
healthy (513).jpeg,0
healthy (79).jpeg,0
healthy (448).jpeg,0
healthy (168).jpeg,0
healthy (258).jpeg,0
healthy (21).jpeg,0
healthy (458).jpeg,0
healthy (252).jpeg,0
healthy (289).jpeg,0
healthy (484).jpeg,0
healthy (403).jpeg,0
healthy (154).jpeg,0
healthy (334).jpeg,0
healthy (459).jpeg,0
healthy (328).jpeg,0
healthy (489).jpeg,0
healthy (232).jpeg,0
healthy (126).jpeg,0
healthy (6).jpeg,0
healthy (49).jpeg,0
healthy (29).jpeg,0
healthy (72).jpeg,0
healthy (62).jpeg,0
healthy (436).jpeg,0
healthy (277).jpeg,0
healthy (257).jpeg,0
healthy (508).jpeg,0
healthy (27).jpeg,0
healthy (387).jpeg,0
healthy (343).jpeg,0
healthy (421).jpeg,0
healthy (393).jpeg,0
healthy (43).jpeg,0
healthy (100).jpeg,0
healthy (386).jpeg,0
healthy (253).jpeg,0
healthy (369).jpeg,0
healthy (135).jpeg,0
healthy (256).jpeg,0
healthy (120).jpeg,0
healthy (300).jpeg,0
healthy (220).jpeg,0
healthy (390).jpeg,0
healthy (80).jpeg,0
healthy (114).jpeg,0
healthy (522).jpeg,0
healthy (288).jpeg,0
healthy (416).jpeg,0
healthy (165).jpeg,0
healthy (518).jpeg,0
healthy (204).jpeg,0
healthy (206).jpeg,0
healthy (7).jpeg,0
healthy (382).jpeg,0
healthy (433).jpeg,0
healthy (209).jpeg,0
healthy (319).jpeg,0
healthy (185).jpeg,0
healthy (385).jpeg,0
healthy (342).jpeg,0
healthy (273).jpeg,0
healthy (90).jpeg,0
healthy (452).jpeg,0
healthy (169).jpeg,0
healthy (189).jpeg,0
healthy (312).jpeg,0
healthy (191).jpeg,0
healthy (496).jpeg,0
healthy (450).jpeg,0
healthy (280).jpeg,0
healthy (392).jpeg,0
healthy (498).jpeg,0
healthy (222).jpeg,0
healthy (254).jpeg,0
healthy (210).jpeg,0
healthy (97).jpeg,0
healthy (37).jpeg,0
healthy (425).jpeg,0
healthy (398).jpeg,0
healthy (194).jpeg,0
healthy (202).jpeg,0
healthy (207).jpeg,0
healthy (311).jpeg,0
healthy (218).jpeg,0
healthy (113).jpeg,0
healthy (447).jpeg,0
healthy (457).jpeg,0
healthy (69).jpeg,0
healthy (58).jpeg,0
healthy (66).jpeg,0
healthy (237).jpeg,0
healthy (158).jpeg,0
healthy (46).jpeg,0
healthy (267).jpeg,0
healthy (420).jpeg,0
healthy (363).jpeg,0
healthy (96).jpeg,0
healthy (60).jpeg,0
healthy (304).jpeg,0
healthy (155).jpeg,0
healthy (512).jpeg,0
healthy (174).jpeg,0
healthy (89).jpeg,0
healthy (285).jpeg,0
healthy (469).jpeg,0
healthy (182).jpeg,0
healthy (167).jpeg,0
healthy (298).jpeg,0
healthy (24).jpeg,0
healthy (423).jpeg,0
healthy (217).jpeg,0
healthy (422).jpeg,0
healthy (248).jpeg,0
healthy (30).jpeg,0
healthy (61).jpeg,0
healthy (17).jpeg,0
healthy (48).jpeg,0
healthy (335).jpeg,0
healthy (219).jpeg,0
healthy (477).jpeg,0
healthy (249).jpeg,0
healthy (117).jpeg,0
healthy (70).jpeg,0
healthy (53).jpeg,0
healthy (192).jpeg,0
healthy (410).jpeg,0
healthy (3).jpeg,0
healthy (162).jpeg,0
healthy (140).jpeg,0
healthy (141).jpeg,0
healthy (463).jpeg,0
healthy (473).jpeg,0
healthy (116).jpeg,0
healthy (337).jpeg,0
healthy (487).jpeg,0
healthy (355).jpeg,0
healthy (77).jpeg,0
healthy (462).jpeg,0
healthy (475).jpeg,0
healthy (501).jpeg,0
healthy (132).jpeg,0
healthy (208).jpeg,0
healthy (351).jpeg,0
healthy (466).jpeg,0
healthy (264).jpeg,0
healthy (491).jpeg,0
healthy (520).jpeg,0
healthy (160).jpeg,0
healthy (138).jpeg,0
healthy (179).jpeg,0
healthy (44).jpeg,0
healthy (439).jpeg,0
healthy (413).jpeg,0
healthy (445).jpeg,0
healthy (417).jpeg,0
healthy (196).jpeg,0
healthy (352).jpeg,0
healthy (5).jpeg,0
healthy (367).jpeg,0
healthy (255).jpeg,0
healthy (453).jpeg,0
healthy (278).jpeg,0
healthy (320).jpeg,0
healthy (394).jpeg,0
healthy (260).jpeg,0
healthy (198).jpeg,0
healthy (427).jpeg,0
healthy (383).jpeg,0
healthy (215).jpeg,0
healthy (268).jpeg,0
healthy (455).jpeg,0
healthy (266).jpeg,0
healthy (148).jpeg,0
healthy (63).jpeg,0
healthy (15).jpeg,0
healthy (384).jpeg,0
healthy (242).jpeg,0
healthy (38).jpeg,0
healthy (102).jpeg,0
healthy (177).jpeg,0
healthy (426).jpeg,0
healthy (103).jpeg,0
healthy (122).jpeg,0
healthy (357).jpeg,0
healthy (517).jpeg,0
healthy (344).jpeg,0
healthy (380).jpeg,0
healthy (374).jpeg,0
healthy (223).jpeg,0
healthy (308).jpeg,0
healthy (274).jpeg,0
healthy (406).jpeg,0
healthy (25).jpeg,0
healthy (157).jpeg,0
healthy (243).jpeg,0
healthy (81).jpeg,0
healthy (107).jpeg,0
healthy (419).jpeg,0
healthy (272).jpeg,0
healthy (506).jpeg,0
healthy (456).jpeg,0
healthy (309).jpeg,0
healthy (378).jpeg,0
healthy (211).jpeg,0
healthy (105).jpeg,0
healthy (229).jpeg,0
healthy (275).jpeg,0
healthy (239).jpeg,0
healthy (108).jpeg,0
healthy (399).jpeg,0
healthy (149).jpeg,0
healthy (84).jpeg,0
healthy (34).jpeg,0
healthy (292).jpeg,0
healthy (64).jpeg,0
healthy (153).jpeg,0
healthy (503).jpeg,0
healthy (51).jpeg,0
healthy (499).jpeg,0
healthy (262).jpeg,0
healthy (118).jpeg,0
healthy (376).jpeg,0
healthy (36).jpeg,0
healthy (225).jpeg,0
healthy (440).jpeg,0
healthy (415).jpeg,0
healthy (10).jpeg,0
healthy (87).jpeg,0
healthy (371).jpeg,0
healthy (65).jpeg,0
healthy (488).jpeg,0
healthy (432).jpeg,0
healthy (435).jpeg,0
healthy (205).jpeg,0
healthy (493).jpeg,0
healthy (150).jpeg,0
healthy (497).jpeg,0
healthy (28).jpeg,0
healthy (99).jpeg,0
healthy (479).jpeg,0
healthy (279).jpeg,0
healthy (213).jpeg,0
healthy (52).jpeg,0
healthy (68).jpeg,0
healthy (358).jpeg,0
healthy (507).jpeg,0
healthy (291).jpeg,0
healthy (330).jpeg,0
healthy (156).jpeg,0
healthy (434).jpeg,0
healthy (85).jpeg,0
healthy (171).jpeg,0
healthy (407).jpeg,0
healthy (515).jpeg,0
healthy (75).jpeg,0
healthy (306).jpeg,0
healthy (50).jpeg,0
healthy (373).jpeg,0
healthy (441).jpeg,0
healthy (270).jpeg,0
healthy (137).jpeg,0
healthy (442).jpeg,0
healthy (429).jpeg,0
healthy (221).jpeg,0
healthy (106).jpeg,0
healthy (4).jpeg,0
healthy (322).jpeg,0
healthy (412).jpeg,0
healthy (430).jpeg,0
healthy (519).jpeg,0
healthy (19).jpeg,0
healthy (276).jpeg,0
healthy (494).jpeg,0
healthy (321).jpeg,0
healthy (464).jpeg,0
healthy (13).jpeg,0
healthy (461).jpeg,0
healthy (142).jpeg,0
healthy (181).jpeg,0
healthy (401).jpeg,0
healthy (315).jpeg,0
healthy (231).jpeg,0
healthy (400).jpeg,0
healthy (511).jpeg,0
healthy (481).jpeg,0
healthy (317).jpeg,0
healthy (86).jpeg,0
healthy (246).jpeg,0
healthy (203).jpeg,0
healthy (325).jpeg,0
healthy (482).jpeg,0
healthy (54).jpeg,0
healthy (296).jpeg,0
healthy (195).jpeg,0
healthy (353).jpeg,0
healthy (409).jpeg,0
healthy (14).jpeg,0
healthy (372).jpeg,0
healthy (143).jpeg,0
healthy (492).jpeg,0
healthy (251).jpeg,0
healthy (349).jpeg,0
healthy (361).jpeg,0
healthy (224).jpeg,0
healthy (294).jpeg,0
healthy (197).jpeg,0
healthy (250).jpeg,0
healthy (476).jpeg,0
healthy (146).jpeg,0
healthy (124).jpeg,0
healthy (178).jpeg,0
healthy (329).jpeg,0
healthy (282).jpeg,0
healthy (302).jpeg,0
healthy (176).jpeg,0
healthy (190).jpeg,0
healthy (180).jpeg,0
healthy (265).jpeg,0
healthy (112).jpeg,0
healthy (134).jpeg,0
healthy (236).jpeg,0
healthy (159).jpeg,0
healthy (509).jpeg,0
healthy (397).jpeg,0
healthy (175).jpeg,0
healthy (26).jpeg,0
healthy (468).jpeg,0
healthy (326).jpeg,0
healthy (188).jpeg,0
healthy (485).jpeg,0
healthy (201).jpeg,0
healthy (199).jpeg,0
healthy (341).jpeg,0
healthy (56).jpeg,0
healthy (368).jpeg,0
healthy (8).jpeg,0
healthy (404).jpeg,0
healthy (193).jpeg,0
healthy (303).jpeg,0
healthy (359).jpeg,0
healthy (172).jpeg,0
healthy (502).jpeg,0
healthy (431).jpeg,0
healthy (295).jpeg,0
healthy (301).jpeg,0
healthy (281).jpeg,0
healthy (214).jpeg,0
healthy (74).jpeg,0
healthy (163).jpeg,0
healthy (377).jpeg,0
healthy (346).jpeg,0
healthy (83).jpeg,0
healthy (125).jpeg,0
healthy (379).jpeg,0
healthy (161).jpeg,0
healthy (446).jpeg,0
healthy (356).jpeg,0
healthy (365).jpeg,0
healthy (39).jpeg,0
healthy (428).jpeg,0
healthy (184).jpeg,0
healthy (76).jpeg,0
healthy (360).jpeg,0
healthy (94).jpeg,0
healthy (375).jpeg,0
healthy (316).jpeg,0
healthy (504).jpeg,0
healthy (381).jpeg,0
healthy (93).jpeg,0
healthy (9).jpeg,0
healthy (115).jpeg,0
healthy (234).jpeg,0
healthy (454).jpeg,0
healthy (414).jpeg,0
healthy (22).jpeg,0
healthy (395).jpeg,0
healthy (128).jpeg,0
healthy (241).jpeg,0
healthy (145).jpeg,0
healthy (500).jpeg,0
healthy (41).jpeg,0
healthy (483).jpeg,0
healthy (230).jpeg,0
healthy (490).jpeg,0
healthy (187).jpeg,0
healthy (472).jpeg,0
healthy (88).jpeg,0
healthy (437).jpeg,0
healthy (23).jpeg,0
healthy (465).jpeg,0
healthy (364).jpeg,0
healthy (505).jpeg,0
healthy (495).jpeg,0
healthy (226).jpeg,0
healthy (151).jpeg,0
healthy (284).jpeg,0
healthy (95).jpeg,0
healthy (1).jpeg,0
healthy (233).jpeg,0
healthy (133).jpeg,0
healthy (261).jpeg,0
healthy (73).jpeg,0
healthy (347).jpeg,0
healthy (71).jpeg,0
healthy (310).jpeg,0
healthy (170).jpeg,0
healthy (212).jpeg,0
healthy (12).jpeg,0
healthy (2).jpeg,0
healthy (366).jpeg,0
healthy (259).jpeg,0
healthy (31).jpeg,0
healthy (362).jpeg,0
healthy (480).jpeg,0
healthy (287).jpeg,0
healthy (144).jpeg,0
healthy (35).jpeg,0
healthy (136).jpeg,0
healthy (424).jpeg,0
healthy (510).jpeg,0
healthy (516).jpeg,0
healthy (119).jpeg,0
healthy (104).jpeg,0
healthy (345).jpeg,0
healthy (42).jpeg,0
healthy (443).jpeg,0
healthy (129).jpeg,0
healthy (82).jpeg,0
healthy (247).jpeg,0
healthy (92).jpeg,0
healthy (186).jpeg,0
healthy (471).jpeg,0
healthy (339).jpeg,0
healthy (131).jpeg,0
healthy (486).jpeg,0
healthy (521).jpeg,0
healthy (327).jpeg,0
healthy (147).jpeg,0
healthy (305).jpeg,0
healthy (396).jpeg,0
healthy (293).jpeg,0
healthy (240).jpeg,0
healthy (127).jpeg,0
healthy (59).jpeg,0
healthy (340).jpeg,0
healthy (286).jpeg,0
healthy (238).jpeg,0
healthy (283).jpeg,0
healthy (348).jpeg,0
healthy (245).jpeg,0
healthy (332).jpeg,0
healthy (91).jpeg,0
healthy (11).jpeg,0
healthy (324).jpeg,0
healthy (438).jpeg,0
healthy (314).jpeg,0
healthy (78).jpeg,0
healthy (333).jpeg,0
healthy (297).jpeg,0
healthy (313).jpeg,0
healthy (45).jpeg,0
healthy (370).jpeg,0
healthy (338).jpeg,0
healthy (173).jpeg,0
healthy (101).jpeg,0
healthy (408).jpeg,0
healthy (411).jpeg,0
healthy (388).jpeg,0
healthy (470).jpeg,0
healthy (391).jpeg,0
healthy (40).jpeg,0
healthy (18).jpeg,0
healthy (514).jpeg,0
healthy (318).jpeg,0
yellow (421).jpeg,4
yellow (264).jpeg,4
yellow (312).jpeg,4
yellow (147).jpeg,4
yellow (171).jpeg,4
yellow (257).jpeg,4
yellow (378).jpeg,4
yellow (17).jpeg,4
yellow (319).jpeg,4
yellow (488).jpeg,4
yellow (159).jpeg,4
yellow (73).jpeg,4
yellow (433).jpeg,4
yellow (143).jpeg,4
yellow (14).jpeg,4
yellow (134).jpeg,4
yellow (321).jpeg,4
yellow (78).jpeg,4
yellow (190).jpeg,4
yellow (230).jpeg,4
yellow (381).jpeg,4
yellow (400).jpeg,4
yellow (66).jpeg,4
yellow (306).jpeg,4
yellow (458).jpeg,4
yellow (495).jpeg,4
yellow (491).jpeg,4
yellow (109).jpeg,4
yellow (334).jpeg,4
yellow (425).jpeg,4
yellow (310).jpeg,4
yellow (21).jpeg,4
yellow (193).jpeg,4
yellow (148).jpeg,4
yellow (419).jpeg,4
yellow (451).jpeg,4
yellow (330).jpeg,4
yellow (71).jpeg,4
yellow (62).jpeg,4
yellow (428).jpeg,4
yellow (297).jpeg,4
yellow (30).jpeg,4
yellow (49).jpeg,4
yellow (54).jpeg,4
yellow (436).jpeg,4
yellow (164).jpeg,4
yellow (397).jpeg,4
yellow (383).jpeg,4
yellow (268).jpeg,4
yellow (353).jpeg,4
yellow (65).jpeg,4
yellow (227).jpeg,4
yellow (478).jpeg,4
yellow (267).jpeg,4
yellow (67).jpeg,4
yellow (276).jpeg,4
yellow (29).jpeg,4
yellow (192).jpeg,4
yellow (104).jpeg,4
yellow (293).jpeg,4
yellow (481).jpeg,4
yellow (205).jpeg,4
yellow (410).jpeg,4
yellow (452).jpeg,4
yellow (446).jpeg,4
yellow (178).jpeg,4
yellow (60).jpeg,4
yellow (255).jpeg,4
yellow (336).jpeg,4
yellow (101).jpeg,4
yellow (444).jpeg,4
yellow (455).jpeg,4
yellow (503).jpeg,4
yellow (150).jpeg,4
yellow (329).jpeg,4
yellow (203).jpeg,4
yellow (241).jpeg,4
yellow (465).jpeg,4
yellow (447).jpeg,4
yellow (499).jpeg,4
yellow (496).jpeg,4
yellow (260).jpeg,4
yellow (63).jpeg,4
yellow (335).jpeg,4
yellow (426).jpeg,4
yellow (113).jpeg,4
yellow (36).jpeg,4
yellow (362).jpeg,4
yellow (327).jpeg,4
yellow (256).jpeg,4
yellow (315).jpeg,4
yellow (475).jpeg,4
yellow (401).jpeg,4
yellow (367).jpeg,4
yellow (119).jpeg,4
yellow (345).jpeg,4
yellow (497).jpeg,4
yellow (468).jpeg,4
yellow (45).jpeg,4
yellow (363).jpeg,4
yellow (271).jpeg,4
yellow (11).jpeg,4
yellow (47).jpeg,4
yellow (38).jpeg,4
yellow (352).jpeg,4
yellow (221).jpeg,4
yellow (84).jpeg,4
yellow (155).jpeg,4
yellow (64).jpeg,4
yellow (342).jpeg,4
yellow (324).jpeg,4
yellow (457).jpeg,4
yellow (102).jpeg,4
yellow (309).jpeg,4
yellow (123).jpeg,4
yellow (393).jpeg,4
yellow (237).jpeg,4
yellow (152).jpeg,4
yellow (209).jpeg,4
yellow (387).jpeg,4
yellow (117).jpeg,4
yellow (207).jpeg,4
yellow (483).jpeg,4
yellow (474).jpeg,4
yellow (247).jpeg,4
yellow (68).jpeg,4
yellow (445).jpeg,4
yellow (302).jpeg,4
yellow (125).jpeg,4
yellow (130).jpeg,4
yellow (118).jpeg,4
yellow (249).jpeg,4
yellow (411).jpeg,4
yellow (357).jpeg,4
yellow (18).jpeg,4
yellow (77).jpeg,4
yellow (154).jpeg,4
yellow (5).jpeg,4
yellow (285).jpeg,4
yellow (464).jpeg,4
yellow (337).jpeg,4
yellow (361).jpeg,4
yellow (20).jpeg,4
yellow (127).jpeg,4
yellow (366).jpeg,4
yellow (6).jpeg,4
yellow (69).jpeg,4
yellow (110).jpeg,4
yellow (88).jpeg,4
yellow (424).jpeg,4
yellow (234).jpeg,4
yellow (44).jpeg,4
yellow (320).jpeg,4
yellow (156).jpeg,4
yellow (214).jpeg,4
yellow (201).jpeg,4
yellow (412).jpeg,4
yellow (57).jpeg,4
yellow (338).jpeg,4
yellow (50).jpeg,4
yellow (200).jpeg,4
yellow (471).jpeg,4
yellow (112).jpeg,4
yellow (27).jpeg,4
yellow (138).jpeg,4
yellow (224).jpeg,4
yellow (262).jpeg,4
yellow (437).jpeg,4
yellow (358).jpeg,4
yellow (220).jpeg,4
yellow (407).jpeg,4
yellow (472).jpeg,4
yellow (8).jpeg,4
yellow (186).jpeg,4
yellow (175).jpeg,4
yellow (31).jpeg,4
yellow (450).jpeg,4
yellow (93).jpeg,4
yellow (339).jpeg,4
yellow (439).jpeg,4
yellow (500).jpeg,4
yellow (236).jpeg,4
yellow (176).jpeg,4
yellow (313).jpeg,4
yellow (32).jpeg,4
yellow (188).jpeg,4
yellow (181).jpeg,4
yellow (380).jpeg,4
yellow (261).jpeg,4
yellow (182).jpeg,4
yellow (105).jpeg,4
yellow (98).jpeg,4
yellow (151).jpeg,4
yellow (168).jpeg,4
yellow (379).jpeg,4
yellow (382).jpeg,4
yellow (15).jpeg,4
yellow (403).jpeg,4
yellow (149).jpeg,4
yellow (177).jpeg,4
yellow (462).jpeg,4
yellow (206).jpeg,4
yellow (259).jpeg,4
yellow (225).jpeg,4
yellow (244).jpeg,4
yellow (25).jpeg,4
yellow (365).jpeg,4
yellow (422).jpeg,4
yellow (55).jpeg,4
yellow (196).jpeg,4
yellow (40).jpeg,4
yellow (53).jpeg,4
yellow (86).jpeg,4
yellow (322).jpeg,4
yellow (277).jpeg,4
yellow (94).jpeg,4
yellow (270).jpeg,4
yellow (291).jpeg,4
yellow (136).jpeg,4
yellow (56).jpeg,4
yellow (174).jpeg,4
yellow (74).jpeg,4
yellow (99).jpeg,4
yellow (23).jpeg,4
yellow (210).jpeg,4
yellow (501).jpeg,4
yellow (350).jpeg,4
yellow (96).jpeg,4
yellow (180).jpeg,4
yellow (443).jpeg,4
yellow (423).jpeg,4
yellow (274).jpeg,4
yellow (394).jpeg,4
yellow (219).jpeg,4
yellow (284).jpeg,4
yellow (28).jpeg,4
yellow (314).jpeg,4
yellow (239).jpeg,4
yellow (286).jpeg,4
yellow (111).jpeg,4
yellow (135).jpeg,4
yellow (278).jpeg,4
yellow (404).jpeg,4
yellow (308).jpeg,4
yellow (384).jpeg,4
yellow (245).jpeg,4
yellow (251).jpeg,4
yellow (46).jpeg,4
yellow (87).jpeg,4
yellow (153).jpeg,4
yellow (82).jpeg,4
yellow (43).jpeg,4
yellow (280).jpeg,4
yellow (492).jpeg,4
yellow (226).jpeg,4
yellow (360).jpeg,4
yellow (90).jpeg,4
yellow (420).jpeg,4
yellow (505).jpeg,4
yellow (482).jpeg,4
yellow (163).jpeg,4
yellow (296).jpeg,4
yellow (408).jpeg,4
yellow (473).jpeg,4
yellow (170).jpeg,4
yellow (3).jpeg,4
yellow (194).jpeg,4
yellow (479).jpeg,4
yellow (217).jpeg,4
yellow (144).jpeg,4
yellow (432).jpeg,4
yellow (467).jpeg,4
yellow (281).jpeg,4
yellow (272).jpeg,4
yellow (388).jpeg,4
yellow (208).jpeg,4
yellow (484).jpeg,4
yellow (215).jpeg,4
yellow (122).jpeg,4
yellow (265).jpeg,4
yellow (434).jpeg,4
yellow (316).jpeg,4
yellow (160).jpeg,4
yellow (33).jpeg,4
yellow (349).jpeg,4
yellow (187).jpeg,4
yellow (34).jpeg,4
yellow (331).jpeg,4
yellow (157).jpeg,4
yellow (91).jpeg,4
yellow (72).jpeg,4
yellow (42).jpeg,4
yellow (116).jpeg,4
yellow (212).jpeg,4
yellow (243).jpeg,4
yellow (494).jpeg,4
yellow (386).jpeg,4
yellow (282).jpeg,4
yellow (359).jpeg,4
yellow (303).jpeg,4
yellow (480).jpeg,4
yellow (391).jpeg,4
yellow (305).jpeg,4
yellow (333).jpeg,4
yellow (59).jpeg,4
yellow (202).jpeg,4
yellow (299).jpeg,4
yellow (213).jpeg,4
yellow (120).jpeg,4
yellow (298).jpeg,4
yellow (502).jpeg,4
yellow (58).jpeg,4
yellow (392).jpeg,4
yellow (189).jpeg,4
yellow (427).jpeg,4
yellow (37).jpeg,4
yellow (238).jpeg,4
yellow (300).jpeg,4
yellow (490).jpeg,4
yellow (399).jpeg,4
yellow (253).jpeg,4
yellow (448).jpeg,4
yellow (258).jpeg,4
yellow (80).jpeg,4
yellow (283).jpeg,4
yellow (347).jpeg,4
yellow (169).jpeg,4
yellow (246).jpeg,4
yellow (373).jpeg,4
yellow (376).jpeg,4
yellow (252).jpeg,4
yellow (418).jpeg,4
yellow (233).jpeg,4
yellow (41).jpeg,4
yellow (311).jpeg,4
yellow (307).jpeg,4
yellow (121).jpeg,4
yellow (269).jpeg,4
yellow (2).jpeg,4
yellow (199).jpeg,4
yellow (166).jpeg,4
yellow (89).jpeg,4
yellow (354).jpeg,4
yellow (371).jpeg,4
yellow (191).jpeg,4
yellow (295).jpeg,4
yellow (504).jpeg,4
yellow (158).jpeg,4
yellow (405).jpeg,4
yellow (340).jpeg,4
yellow (441).jpeg,4
yellow (126).jpeg,4
yellow (413).jpeg,4
yellow (351).jpeg,4
yellow (374).jpeg,4
yellow (232).jpeg,4
yellow (161).jpeg,4
yellow (263).jpeg,4
yellow (137).jpeg,4
yellow (13).jpeg,4
yellow (172).jpeg,4
yellow (51).jpeg,4
yellow (466).jpeg,4
yellow (26).jpeg,4
yellow (346).jpeg,4
yellow (132).jpeg,4
yellow (128).jpeg,4
yellow (438).jpeg,4
yellow (429).jpeg,4
yellow (229).jpeg,4
yellow (289).jpeg,4
yellow (372).jpeg,4
yellow (288).jpeg,4
yellow (7).jpeg,4
yellow (485).jpeg,4
yellow (16).jpeg,4
yellow (19).jpeg,4
yellow (100).jpeg,4
yellow (35).jpeg,4
yellow (416).jpeg,4
yellow (9).jpeg,4
yellow (275).jpeg,4
yellow (254).jpeg,4
yellow (133).jpeg,4
yellow (124).jpeg,4
yellow (184).jpeg,4
yellow (323).jpeg,4
yellow (279).jpeg,4
yellow (328).jpeg,4
yellow (463).jpeg,4
yellow (356).jpeg,4
yellow (395).jpeg,4
yellow (114).jpeg,4
yellow (106).jpeg,4
yellow (145).jpeg,4
yellow (140).jpeg,4
yellow (240).jpeg,4
yellow (75).jpeg,4
yellow (273).jpeg,4
yellow (183).jpeg,4
yellow (131).jpeg,4
yellow (414).jpeg,4
yellow (10).jpeg,4
yellow (368).jpeg,4
yellow (402).jpeg,4
yellow (95).jpeg,4
yellow (390).jpeg,4
yellow (216).jpeg,4
yellow (355).jpeg,4
yellow (129).jpeg,4
yellow (460).jpeg,4
yellow (375).jpeg,4
yellow (487).jpeg,4
yellow (195).jpeg,4
yellow (107).jpeg,4
yellow (453).jpeg,4
yellow (141).jpeg,4
yellow (415).jpeg,4
yellow (4).jpeg,4
yellow (222).jpeg,4
yellow (12).jpeg,4
yellow (449).jpeg,4
yellow (48).jpeg,4
yellow (179).jpeg,4
yellow (85).jpeg,4
yellow (22).jpeg,4
yellow (364).jpeg,4
yellow (456).jpeg,4
yellow (385).jpeg,4
yellow (167).jpeg,4
yellow (290).jpeg,4
yellow (250).jpeg,4
yellow (108).jpeg,4
yellow (242).jpeg,4
yellow (185).jpeg,4
yellow (223).jpeg,4
yellow (461).jpeg,4
yellow (486).jpeg,4
yellow (377).jpeg,4
yellow (83).jpeg,4
yellow (266).jpeg,4
yellow (442).jpeg,4
yellow (115).jpeg,4
yellow (70).jpeg,4
yellow (398).jpeg,4
yellow (498).jpeg,4
yellow (61).jpeg,4
yellow (165).jpeg,4
yellow (92).jpeg,4
yellow (493).jpeg,4
yellow (489).jpeg,4
yellow (198).jpeg,4
yellow (317).jpeg,4
yellow (39).jpeg,4
yellow (76).jpeg,4
yellow (459).jpeg,4
yellow (469).jpeg,4
yellow (97).jpeg,4
yellow (294).jpeg,4
yellow (79).jpeg,4
yellow (204).jpeg,4
yellow (454).jpeg,4
yellow (142).jpeg,4
yellow (343).jpeg,4
yellow (326).jpeg,4
yellow (430).jpeg,4
yellow (301).jpeg,4
yellow (304).jpeg,4
yellow (211).jpeg,4
yellow (228).jpeg,4
yellow (287).jpeg,4
yellow (292).jpeg,4
yellow (103).jpeg,4
yellow (476).jpeg,4
yellow (370).jpeg,4
yellow (440).jpeg,4
yellow (389).jpeg,4
yellow (417).jpeg,4
yellow (431).jpeg,4
yellow (235).jpeg,4
yellow (139).jpeg,4
yellow (1).jpeg,4
yellow (477).jpeg,4
yellow (218).jpeg,4
yellow (396).jpeg,4
yellow (406).jpeg,4
yellow (173).jpeg,4
yellow (81).jpeg,4
yellow (332).jpeg,4
yellow (341).jpeg,4
yellow (325).jpeg,4
yellow (248).jpeg,4
yellow (52).jpeg,4
yellow (146).jpeg,4
yellow (348).jpeg,4
yellow (470).jpeg,4
yellow (231).jpeg,4
yellow (369).jpeg,4
yellow (197).jpeg,4
yellow (318).jpeg,4
yellow (409).jpeg,4
yellow (344).jpeg,4
yellow (24).jpeg,4
yellow (435).jpeg,4
yellow (162).jpeg,4
