eda70478-22e0-4c08-8d35-759e36c32c36___Com.G_SpM_FL-9552.JPG,17
a75666ed-91d1-4f47-bcf2-554c8a5a3fd5___Com.G_SpM_FL-9551.JPG,17
6ad11f4a-0932-412b-86bb-df6f9a7f3dae___Com.G_SpM_FL-9549.JPG,17
a56182d9-143a-45fc-a1be-946ba0d46935___Com.G_SpM_FL-9550.JPG,17
2eacde8c-c10b-4768-b5f8-9405673cd19b___Com.G_SpM_FL-1188.JPG,17
4c8a4e16-7d22-4352-afa0-c5a2a4bf5983___Com.G_SpM_FL-1187.JPG,17
5dfe90b9-9c33-4d29-bc96-c08dd5cf5d05___Com.G_SpM_FL-1185.JPG,17
937cddd0-a34d-4b1d-8702-e96989c1bcf2___Com.G_SpM_FL-1186.JPG,17
8c6d528a-a400-4e65-a210-9bcf302499ba___Com.G_SpM_FL-1509.JPG,17
a516c588-16a6-405c-ba03-21a2f8bc400e___Com.G_SpM_FL-1508.JPG,17
4136897a-cf67-4e88-b588-60585499820a___Com.G_SpM_FL-1510.JPG,17
446f6ec1-1cca-4f62-b5a2-3590ad1b6958___Com.G_SpM_FL-1507.JPG,17
9dd75aef-3604-468b-9a5b-53442aae8303___Com.G_SpM_FL-9512.JPG,17
33e59828-c8c1-40f8-a684-dc16fdfcd280___Com.G_SpM_FL-9510.JPG,17
9c7f0991-5ce9-4460-b75c-5f203f7e62bb___Com.G_SpM_FL-9511.JPG,17
45248234-50eb-465e-a7e1-7b80140db3d3___Com.G_SpM_FL-9509.JPG,17
fbba5b32-e839-4253-927c-091963977c55___Com.G_SpM_FL-8930.JPG,17
791891fa-a130-475d-b39a-f224bef3d67f___Com.G_SpM_FL-8931.JPG,17
46cc7a8f-9849-43c1-86f4-8edd643629a5___Com.G_SpM_FL-8928.JPG,17
50a64fa8-b9c4-4680-8a60-59b128571bf2___Com.G_SpM_FL-8929.JPG,17
a3cbf151-7473-40c5-b40f-fa27fe490b21___Com.G_SpM_FL-8722.JPG,17
dc961b68-8eb5-4444-ac18-2ec9dc8f0501___Com.G_SpM_FL-8720.JPG,17
8a0d0e70-e58d-413d-a4e3-28dc3f3100ba___Com.G_SpM_FL-8721.JPG,17
86508eec-6019-4504-a97e-285e5e910dc7___Com.G_SpM_FL-8723.JPG,17
27eae93a-d090-4c95-9812-366f9b761b72___Com.G_SpM_FL-9279.JPG,17
208a5b88-1c05-4cdb-b43b-aacc6ee5647d___Com.G_SpM_FL-9280.JPG,17
3c8199f8-aa54-47f8-9d70-1bf6cdd2e97b___Com.G_SpM_FL-9277.JPG,17
aee44f04-6634-41ee-9208-56838fbbc822___Com.G_SpM_FL-9278.JPG,17
81a64bc5-d1d1-49bb-b9a7-0981f75613ce___Com.G_SpM_FL-8477.JPG,17
01720a27-7595-496b-bf53-dbe5c8c1e2c3___Com.G_SpM_FL-8476.JPG,17
27e28fcf-bc3e-4c0e-96c7-a0d845064dc2___Com.G_SpM_FL-8478.JPG,17
e8eacb74-00fe-4e44-beec-f29c4bb58c58___Com.G_SpM_FL-8479.JPG,17
58d19fbc-49ee-4738-b0e0-88afd097cefb___Com.G_SpM_FL-8715.JPG,17
ab4386a4-d905-4a3a-aa19-8c3a76fabd75___Com.G_SpM_FL-8713.JPG,17
7aa0221d-b673-413d-a089-05fe33d9d78a___Com.G_SpM_FL-8714.JPG,17
b329dfc5-3ec0-4d9b-a4d7-d78d50af9366___Com.G_SpM_FL-8712.JPG,17
57649e25-07c1-4435-9084-6da48a1cc72f___Com.G_SpM_FL-1734.JPG,17
49d75a64-a635-4ad0-bb8d-09678e63fd02___Com.G_SpM_FL-1736.JPG,17
46e61286-24ed-4992-8d88-83ec62602374___Com.G_SpM_FL-1733.JPG,17
cf88c4af-4495-4f68-a654-67aaaf05b99a___Com.G_SpM_FL-1735.JPG,17
f47ddff5-50f1-4eb0-b8bf-6980fe776162___Com.G_SpM_FL-1695.JPG,17
33b4120c-378e-4902-a3e7-6411fc4f0a2a___Com.G_SpM_FL-1694.JPG,17
baf7d9c0-d6fc-4cda-a5a1-6697b1e4a38b___Com.G_SpM_FL-1696.JPG,17
447b1188-b4f6-4bc6-9d93-ab730340e2d2___Com.G_SpM_FL-1693.JPG,17
e346d87d-cd42-425f-a7a0-8fca01cb6f75___Com.G_SpM_FL-8550.JPG,17
0b17e71c-fee6-4b5e-9a7d-8ba44d29215f___Com.G_SpM_FL-8549.JPG,17
98916e40-9711-49d6-af8b-77c10be459e2___Com.G_SpM_FL-8551.JPG,17
75ff9553-3292-4a04-b856-2268da814f68___Com.G_SpM_FL-8548.JPG,17
c2ad3c75-0f64-405a-832f-50f258c188ca___Com.G_SpM_FL-8581.JPG,17
e7206ec6-3690-4f86-8008-d5898aa8beb3___Com.G_SpM_FL-8583.JPG,17
2b86b68a-c9a0-4b37-82b6-667de062f30f___Com.G_SpM_FL-8580.JPG,17
3dcda958-8c55-4ef5-a7fa-f166bb69ad38___Com.G_SpM_FL-8582.JPG,17
80cd157e-4865-43f3-a0c6-8e3d72e35316___Com.G_SpM_FL-1154.JPG,17
f5f292d9-5970-4db1-9089-878cec8ad285___Com.G_SpM_FL-1156.JPG,17
6452c618-9439-42d8-ae0b-f0997e05ec35___Com.G_SpM_FL-1155.JPG,17
0189e941-6286-4aae-bc7a-c87b2d6e0b09___Com.G_SpM_FL-1153.JPG,17
e4da478e-a763-4eef-960a-2588126d4cd5___Com.G_SpM_FL-9348.JPG,17
fff3aeaf-d4ae-4f3a-86d9-79237d07270f___Com.G_SpM_FL-9349.JPG,17
66c3cfc2-4a91-4517-ab9a-b92ec79b47c5___Com.G_SpM_FL-9351.JPG,17
0a2b122a-0f23-4c92-8b7a-21b274dffbe5___Com.G_SpM_FL-9350.JPG,17
1767a6b2-2764-49a1-b774-3c411337bb63___Com.G_SpM_FL-1201.JPG,17
0100e504-f6bc-464a-a181-38262117f30a___Com.G_SpM_FL-1202.JPG,17
4eafd895-1d10-4f48-8da7-a78220788514___Com.G_SpM_FL-1204.JPG,17
2fad548e-ff9d-4f86-9831-3ce68a76da57___Com.G_SpM_FL-1203.JPG,17
2ae5364f-20a9-46e9-8ca8-e47710c50446___Com.G_SpM_FL-1295.JPG,17
7cbbe439-d1a5-440f-a482-1371f86d415c___Com.G_SpM_FL-1296.JPG,17
72e9c57b-b2c7-4ce2-a2c8-e5fbb1524a1e___Com.G_SpM_FL-1293.JPG,17
71e1329b-568e-4d56-8aec-c6d1909aa7c1___Com.G_SpM_FL-1294.JPG,17
8052041c-f635-49ad-b264-89a7cfc0348c___Com.G_SpM_FL-8732.JPG,17
f5cf6938-855e-479f-b909-a9bc12fcb76c___Com.G_SpM_FL-8733.JPG,17
2c2f7f98-8c5b-4981-bb74-f827c5f963fe___Com.G_SpM_FL-8734.JPG,17
42dfc224-c909-4d99-ba6b-7f88129f6708___Com.G_SpM_FL-8735.JPG,17
efb18527-9be4-4ac4-83fc-9bb30c078cc6___Com.G_SpM_FL-1136.JPG,17
bb240371-2ef1-4421-a638-41ba2ef45b83___Com.G_SpM_FL-1134.JPG,17
5d56e1f3-4092-476e-830b-7e14e31b677d___Com.G_SpM_FL-1133.JPG,17
6288d9a3-e40a-41ee-b073-9ba6ad3734f8___Com.G_SpM_FL-1135.JPG,17
3eab318e-f431-42eb-8990-3f613dbba67b___Com.G_SpM_FL-1386.JPG,17
1da21007-3d29-487f-b839-e835993f20d2___Com.G_SpM_FL-1389.JPG,17
4bc9b750-ac19-4da1-88cc-bf8dd46e2272___Com.G_SpM_FL-1387.JPG,17
bc10851a-8a24-485e-97c1-33e64e3ada7d___Com.G_SpM_FL-1388.JPG,17
f396912f-435f-4802-a756-b373d5461373___Com.G_SpM_FL-1350.JPG,17
26a363c9-aa30-4e63-bdec-cc26f273656b___Com.G_SpM_FL-1351.JPG,17
f718db12-7a16-437d-905c-f804e21383c8___Com.G_SpM_FL-1353.JPG,17
256f372d-a298-423d-87b4-dc1019516864___Com.G_SpM_FL-1352.JPG,17
2cd8d4c9-6eb7-4ed2-808f-df3ae1aedf7a___Com.G_SpM_FL-9621.JPG,17
5789f0fc-1ed2-4a93-ac00-1c9b7ebd0a52___Com.G_SpM_FL-9618.JPG,17
9a6e4f1d-4c6d-4dab-8607-f914034d82d6___Com.G_SpM_FL-9619.JPG,17
40067b29-7ac0-4d41-9a67-52aaa1578543___Com.G_SpM_FL-9620.JPG,17
ae4f0633-5636-47ef-9e69-0dbe2404f2c3___Com.G_SpM_FL-8888.JPG,17
5b92430f-86a7-4845-b0eb-eb4df61797e8___Com.G_SpM_FL-8890.JPG,17
695b519a-4259-4cc6-a993-faf7bcbf5722___Com.G_SpM_FL-8889.JPG,17
c3cbde56-8c97-446c-bd42-7bcb9c74285b___Com.G_SpM_FL-8891.JPG,17
c8e52c3f-3045-4f12-b16c-4b56fb6de976___Com.G_SpM_FL-9369.JPG,17
3f76904f-64db-46e5-98e0-6b08d528b459___Com.G_SpM_FL-9370.JPG,17
70787448-85e1-4479-a11b-86c52893ff22___Com.G_SpM_FL-9368.JPG,17
0956a6ef-18ce-4a82-a9a1-ca41d07ae13f___Com.G_SpM_FL-9371.JPG,17
84b6b69d-ee36-474a-a2aa-dbec01a5c009___Com.G_SpM_FL-1493.JPG,17
a865eaa1-aeb5-4e74-9e8d-274d7295b070___Com.G_SpM_FL-1494.JPG,17
ac313c3d-a18f-4890-a93a-136c12012b6c___Com.G_SpM_FL-1491.JPG,17
19f1a490-694f-45f1-a606-00c800a4d10b___Com.G_SpM_FL-1492.JPG,17
ac81a4df-1cde-4752-837d-ad979ab48bb0___Com.G_SpM_FL-8570.JPG,17
0794d252-5524-49d2-9871-011677db2698___Com.G_SpM_FL-8571.JPG,17
7a01961e-dd28-460b-928c-a656a8a6d018___Com.G_SpM_FL-8569.JPG,17
db10c896-d67f-4dd1-bf51-61d3dfecefef___Com.G_SpM_FL-8568.JPG,17
326d232c-21f1-44c0-91a2-ce202460af8d___Com.G_SpM_FL-1360.JPG,17
08261e43-0fe0-42bd-9c15-3dca406ba0bf___Com.G_SpM_FL-1359.JPG,17
75c0988a-af10-4fd9-87d2-497f9773f4c7___Com.G_SpM_FL-1361.JPG,17
5a4839d8-71de-41a8-9ca7-d3929c8e95ee___Com.G_SpM_FL-1358.JPG,17
c1cae289-9ddf-43ad-806b-669e19104fd4___Com.G_SpM_FL-9501.JPG,17
f598ab69-e947-4664-9df0-0ba133e40b30___Com.G_SpM_FL-9504.JPG,17
34eec178-d8fe-4a7b-a1d0-c0b107a35964___Com.G_SpM_FL-9502.JPG,17
85247ca8-8c30-4c83-9315-0755cd4be8c2___Com.G_SpM_FL-9503.JPG,17
459c4521-e2ec-43e8-a5ce-da263ed4f8ea___Com.G_SpM_FL-9005.JPG,17
8c449fab-d56d-4d17-8a89-d334510517ab___Com.G_SpM_FL-9007.JPG,17
a4bbc909-f777-44ee-bc32-8571287608ce___Com.G_SpM_FL-9004.JPG,17
fd2cc1ea-22d9-4c3f-80c6-0c9dc40bdcaa___Com.G_SpM_FL-9006.JPG,17
e5515850-5866-4ba5-a049-347b14d0bc4f___Com.G_SpM_FL-8844.JPG,17
e888eec7-f355-4611-a28f-137f034474e5___Com.G_SpM_FL-8847.JPG,17
989cea27-2233-441c-b2cc-f5166e3582f1___Com.G_SpM_FL-8846.JPG,17
4ab2b9cc-67cd-417c-934c-5e76a4f9fa49___Com.G_SpM_FL-8845.JPG,17
c0d069ac-9dd3-47b8-bb09-3d690374f775___Com.G_SpM_FL-1700.JPG,17
20dcc445-3179-4092-8083-0c55be8e9579___Com.G_SpM_FL-1698.JPG,17
64a72b83-aefc-45f2-80bd-7d34909ee8e4___Com.G_SpM_FL-1697.JPG,17
365cd045-b802-4ab5-89a3-81dd5131f96b___Com.G_SpM_FL-1699.JPG,17
003b7929-a364-4e74-be1c-37c4c0a6ec63___Com.G_SpM_FL-1414.JPG,17
fab1e254-f251-41ee-9e9e-a7ef7c2541ba___Com.G_SpM_FL-1417.JPG,17
b0b458de-2ce8-46a1-815f-db2e513130fc___Com.G_SpM_FL-1416.JPG,17
fd3b6292-6d21-4f4a-969f-9ed064e2c451___Com.G_SpM_FL-1415.JPG,17
0889ce0b-097f-4824-a46e-7ed9a01a4862___Com.G_SpM_FL-1435.JPG,17
0421a79d-5c62-43e8-a695-ae55f987c27e___Com.G_SpM_FL-1434.JPG,17
6cc782cb-b61e-40a1-8feb-bb205a36c161___Com.G_SpM_FL-1437.JPG,17
844e29c3-2e68-4101-92e9-2fa61d5477a5___Com.G_SpM_FL-1436.JPG,17
65b1f196-ba16-404c-b8fc-2b9bef99bd85___Com.G_SpM_FL-8447.JPG,17
ffcfa32d-4506-49ed-9e35-972d5cbad0b8___Com.G_SpM_FL-8450.JPG,17
053c2c95-1110-4d4e-98d1-e189858deb3f___Com.G_SpM_FL-8449.JPG,17
706d4ada-aabd-482f-87c1-5112720d86a4___Com.G_SpM_FL-8448.JPG,17
4eb26e2d-1467-4709-8f37-eda9ca1ee92e___Com.G_SpM_FL-1748.JPG,17
851ea0ae-63c2-4f43-825e-e5e60b636ec0___Com.G_SpM_FL-1747.JPG,17
4208e77f-2ca2-4a3f-ab56-89e2d4a1fb59___Com.G_SpM_FL-1745.JPG,17
348aec86-49bc-4e2d-8ca7-66545421cc06___Com.G_SpM_FL-1746.JPG,17
246bf675-01a0-4da1-90ab-a1b44d3768dd___Com.G_SpM_FL-8635.JPG,17
fe1c35cf-8f9d-4986-b8b3-6d116bc8b388___Com.G_SpM_FL-8633.JPG,17
64338ca4-e33c-473a-86b5-58a4e76149a9___Com.G_SpM_FL-8632.JPG,17
ff9a52b5-b200-4f23-9e0d-629b1a0e89db___Com.G_SpM_FL-8634.JPG,17
486a0017-35ff-4326-9f2a-f33edc9fc31c___Com.G_SpM_FL-8426.JPG,17
82b74161-fb08-43fd-b3b9-7f4f0d90a8a9___Com.G_SpM_FL-8425.JPG,17
a2b2e11f-9078-4fad-9629-e1f94e66611a___Com.G_SpM_FL-8424.JPG,17
95ed6d10-20c2-4b45-9d3e-73b7bea122dc___Com.G_SpM_FL-8423.JPG,17
b1c4f4d8-4908-4e10-aa16-555273040c71___Com.G_SpM_FL-8614.JPG,17
f2d3fadc-0142-4425-b731-6d95464a211d___Com.G_SpM_FL-8612.JPG,17
6a43a558-3440-4a1b-b7b4-ea49dc9be6c6___Com.G_SpM_FL-8615.JPG,17
0c817d69-a13f-47d9-be7b-a17eea45774d___Com.G_SpM_FL-8613.JPG,17
fbee6995-18ee-41b3-802f-5853d4f3f1cd___Com.G_SpM_FL-1717.JPG,17
3d240189-36f3-4468-be7e-c0db11af648b___Com.G_SpM_FL-1719.JPG,17
6ba1a088-7c79-4511-8257-4809fe5a9cc6___Com.G_SpM_FL-1720.JPG,17
fab1a3c8-938d-474e-beb0-d34a68afdd17___Com.G_SpM_FL-1718.JPG,17
9a9a3476-f397-4892-82ab-24638ce03b01___Com.G_SpM_FL-9435.JPG,17
0a1c03ea-1a2d-449e-bcc4-4a8b62febf88___Com.G_SpM_FL-9433.JPG,17
8e2bcfaf-0564-4d2b-966d-b69dc9492ed9___Com.G_SpM_FL-9436.JPG,17
4ec05191-b512-43a4-91bb-1b4a28d12207___Com.G_SpM_FL-9434.JPG,17
8638b153-2ee6-471d-9eb6-8900fb80bd38___Com.G_SpM_FL-8899.JPG,17
89f2d406-7506-4cd0-b075-cdbba849d8a8___Com.G_SpM_FL-8897.JPG,17
5bcce939-5b53-4f75-a02c-e9f947d49ce4___Com.G_SpM_FL-8898.JPG,17
9115f047-1373-48de-9c60-d62e71c99586___Com.G_SpM_FL-8896.JPG,17
cf7d951d-3a4b-4579-871a-9baf1ac7704c___Com.G_SpM_FL-1670.JPG,17
3e20bc98-68a5-4afa-8a05-eb570630bfd4___Com.G_SpM_FL-1671.JPG,17
ca6db98a-6847-4959-83ff-505210ad6ee5___Com.G_SpM_FL-1669.JPG,17
c52251d2-be10-4b22-8d88-53497d408b25___Com.G_SpM_FL-1672.JPG,17
573544ad-029a-487b-98bb-2beaa9007b22___Com.G_SpM_FL-8771.JPG,17
1744606c-1817-494d-bb7c-6ea74c9f07ec___Com.G_SpM_FL-8770.JPG,17
85b0921b-3d9a-4578-a389-6e498eba2aa3___Com.G_SpM_FL-8769.JPG,17
0c142adf-5d26-4593-a7b3-d16a07f1df33___Com.G_SpM_FL-8768.JPG,17
9e32ffed-d994-44ac-bc0b-5e934842d1da___Com.G_SpM_FL-9576.JPG,17
d7620cd1-1f90-493e-b8a0-6934350410c9___Com.G_SpM_FL-9574.JPG,17
087cd727-92d4-4c49-a069-26b3563037e4___Com.G_SpM_FL-9573.JPG,17
ec674ddd-4f99-441f-a537-a78935cd454d___Com.G_SpM_FL-9575.JPG,17
d7c5cad4-147a-4dc9-9973-e35bfe0e1e8d___Com.G_SpM_FL-8442.JPG,17
72deb702-3883-4023-8d27-936917947afb___Com.G_SpM_FL-8440.JPG,17
d0f32189-4caa-442c-8b0f-f225cd00dd1b___Com.G_SpM_FL-8441.JPG,17
9363617d-ac55-4c84-8883-38b61e06b1ec___Com.G_SpM_FL-8439.JPG,17
07843665-3d98-4371-873a-21b4bbe30a9d___Com.G_SpM_FL-8458.JPG,17
09904a06-b32f-4db4-963f-c8dacfff6b9e___Com.G_SpM_FL-8456.JPG,17
5112f2dc-2115-47f7-9f08-45e8bf55416f___Com.G_SpM_FL-8457.JPG,17
eaf27f54-d679-4fec-831a-41d1d18b286d___Com.G_SpM_FL-8455.JPG,17
ba6d3f0a-490b-46fd-87e0-bcb1e3b033dd___Com.G_SpM_FL-1655.JPG,17
88f30e10-a3c3-47d3-ba7c-fbe87ee1910b___Com.G_SpM_FL-1653.JPG,17
2451545c-3a36-49ad-ad97-b81008d9e198___Com.G_SpM_FL-1654.JPG,17
4eb77fce-64d4-4d40-bac3-35d205ce61b9___Com.G_SpM_FL-1656.JPG,17
129160ba-d6f0-434c-b399-735d61a39a16___Com.G_SpM_FL-8628.JPG,17
2e9248a1-78c7-4aa8-a696-ab96c6947ceb___Com.G_SpM_FL-8629.JPG,17
a53c16f4-bbc6-44d5-b403-2f15d2d239a8___Com.G_SpM_FL-8631.JPG,17
338b9a2f-bdba-40e5-a861-b354fbf3e468___Com.G_SpM_FL-8630.JPG,17
6dff3d85-99fb-4c45-b046-ed003a68b35a___Com.G_SpM_FL-8689.JPG,17
baee605d-65b3-4001-9bb5-05cd17855c78___Com.G_SpM_FL-8691.JPG,17
f7494345-4bb3-42b8-8043-689059c28424___Com.G_SpM_FL-8688.JPG,17
e7b889f3-d580-426e-83fb-6519f43935ef___Com.G_SpM_FL-8690.JPG,17
127da090-f2c3-4634-a798-58aeef092d77___Com.G_SpM_FL-1218.JPG,17
77c058b8-2001-4416-8c49-0eb206ba4f57___Com.G_SpM_FL-1219.JPG,17
9cd773ee-c072-4a61-bc6c-716826705904___Com.G_SpM_FL-1220.JPG,17
01963a97-0507-43a6-ae4a-1afd8e0c4f3e___Com.G_SpM_FL-1217.JPG,17
766b7b10-3fb4-4c65-80bc-488715e321e6___Com.G_SpM_FL-1488.JPG,17
416a0d32-c895-4412-ad02-9785fbcd5192___Com.G_SpM_FL-1487.JPG,17
924df887-35ad-4f81-b236-641f91ef2a1a___Com.G_SpM_FL-1490.JPG,17
68c4091d-9241-4760-bd93-9ed2463a7a48___Com.G_SpM_FL-1489.JPG,17
d2785da0-30ff-49d1-bf7d-9a2f07412b64___Com.G_SpM_FL-1149.JPG,17
20630492-00f2-4da5-bda0-97c3a0bbdcc8___Com.G_SpM_FL-1150.JPG,17
574e7e72-bfae-4c60-81f4-e5cbda59f5db___Com.G_SpM_FL-1151.JPG,17
6199353f-27d9-4f9f-be4c-cf6ce1bdbb08___Com.G_SpM_FL-1152.JPG,17
8a247db8-8b37-48a7-8ea4-fa6fa1483e5a___Com.G_SpM_FL-8976.JPG,17
8491faa9-0ef0-4ece-a3f7-7617ad9c024c___Com.G_SpM_FL-8977.JPG,17
c7f31a82-edfb-4462-88d9-d284b51aef83___Com.G_SpM_FL-8979.JPG,17
f7b7b4c8-1420-4ffe-ba64-97be026edeb4___Com.G_SpM_FL-8978.JPG,17
71b5e34d-a0e2-46d4-9268-d9c55d6b763d___Com.G_SpM_FL-1738.JPG,17
3ca50b98-7e7c-4164-b53f-abf3c28b513f___Com.G_SpM_FL-1740.JPG,17
6217205d-283e-4ee9-9b4a-15d4eed299c9___Com.G_SpM_FL-1737.JPG,17
8a1fd830-99d4-4044-b851-6237ed451132___Com.G_SpM_FL-1739.JPG,17
dc8a9f3d-1514-4bae-b79f-02c9fd4cc6a5___Com.G_SpM_FL-8671.JPG,17
fe341b0c-ce8b-4b3e-8031-2db41d446644___Com.G_SpM_FL-8668.JPG,17
f726fc46-fa81-4bff-9964-496708584300___Com.G_SpM_FL-8669.JPG,17
bdb1071d-586d-4cdf-a792-a15af76ed9cf___Com.G_SpM_FL-8670.JPG,17
421b6662-c258-4c0d-b036-f42bf389c930___Com.G_SpM_FL-1763.JPG,17
c23f7713-d301-4952-852e-dad07536aace___Com.G_SpM_FL-1764.JPG,17
6bf31bc7-0d00-4303-a3d5-20733c36fa5d___Com.G_SpM_FL-1761.JPG,17
ad4a99a4-3dc7-4401-85d6-d803b9fcc70a___Com.G_SpM_FL-1762.JPG,17
0e20026b-8b12-4c86-bd41-3e10ea0fae44___Com.G_SpM_FL-1668.JPG,17
b7f07334-bbeb-43f4-8191-ea04b6e3fb4c___Com.G_SpM_FL-1665.JPG,17
8d3bb7dc-a5fa-42c2-8bb0-f5703c9125de___Com.G_SpM_FL-1666.JPG,17
cb50c515-6885-4fc5-903e-b9fbac229a37___Com.G_SpM_FL-1667.JPG,17
4558d92c-82e5-4a33-a0d2-0a61e743c767___Com.G_SpM_FL-1168.JPG,17
bd66c86d-1aa8-47ae-bfa6-8bf8dcd2c146___Com.G_SpM_FL-1167.JPG,17
569439e7-56a7-4978-b937-cc6e4ef5ef8e___Com.G_SpM_FL-1165.JPG,17
d9787ae7-82d5-4447-97ad-32a9dbb3866f___Com.G_SpM_FL-1166.JPG,17
99ec3a5d-12b9-4b15-bce3-477a9c69303e___Com.G_SpM_FL-8964.JPG,17
504b03b4-c056-4468-a6ce-19fa79243071___Com.G_SpM_FL-8965.JPG,17
6097d83a-d5e8-4588-af45-69acd79acd0d___Com.G_SpM_FL-8966.JPG,17
2db5ec80-9a7d-4963-9aaa-24014848a087___Com.G_SpM_FL-8967.JPG,17
c65bee06-904b-4e58-a1e8-9f50d4d19fa7___Com.G_SpM_FL-9414.JPG,17
ab8fbd18-195d-43b1-b976-ee478141e8f8___Com.G_SpM_FL-9416.JPG,17
f7676e6d-a9f2-4c4e-b15c-305f9f16aaa1___Com.G_SpM_FL-9415.JPG,17
591766a1-bce5-433c-a33c-4c9d6fd1f27a___Com.G_SpM_FL-9413.JPG,17
0d831ad9-bc2a-4168-bbf2-6030f3f886f2___Com.G_SpM_FL-9419.JPG,17
8152b65e-0416-418d-a0d0-8893accdff15___Com.G_SpM_FL-9420.JPG,17
80ff79e7-97eb-40f5-9fc9-cab73a4741e1___Com.G_SpM_FL-9418.JPG,17
9e86198b-55c7-45b2-821f-42e0ca05312c___Com.G_SpM_FL-9417.JPG,17
6f12dc84-08a1-4e68-8265-1974061ba939___Com.G_SpM_FL-8430.JPG,17
efd35611-5d21-4479-b279-00cfa75e8042___Com.G_SpM_FL-8429.JPG,17
057ecdbe-a9f1-47ff-8c5e-17ae92ff5670___Com.G_SpM_FL-8427.JPG,17
0e05cc2b-1209-4a5a-9ae1-26b3dd13204b___Com.G_SpM_FL-8428.JPG,17
497393f6-55bc-4e2b-b208-fa0f54ba8c92___Com.G_SpM_FL-1420.JPG,17
4795bf1b-66bd-43ce-9a81-a8b391cf157a___Com.G_SpM_FL-1421.JPG,17
2a1b18db-6bbb-4c36-ad06-bf0fcaa5c4b8___Com.G_SpM_FL-1418.JPG,17
25245f74-df2c-442d-8146-bdf161cc18f2___Com.G_SpM_FL-1419.JPG,17
145e34a6-1cd6-4ac0-9091-9fa175effb81___Com.G_SpM_FL-1287.JPG,17
1e0e0b1b-bc70-486b-9d85-f6e3ca348516___Com.G_SpM_FL-1285.JPG,17
19e981b0-9509-4564-8ece-284d1f6b497d___Com.G_SpM_FL-1288.JPG,17
ef3f651f-80cf-4a1e-9c1d-543953ccf1ee___Com.G_SpM_FL-1286.JPG,17
7a47822b-4724-4ecc-94ef-61d05836bef7___Com.G_SpM_FL-8620.JPG,17
1001f133-ff3e-48de-b288-5a3802d9f3e1___Com.G_SpM_FL-8621.JPG,17
dfa0fb4a-f4c7-4e2f-b8d1-45a6aea110cc___Com.G_SpM_FL-8622.JPG,17
7a44f68b-8741-4977-a2e8-ca0a42f846b4___Com.G_SpM_FL-8623.JPG,17
782fdcff-07d9-4488-809e-f5af7d55b908___Com.G_SpM_FL-9483.JPG,17
cd69a28b-61e1-476c-8a44-9c584cde6c2a___Com.G_SpM_FL-9481.JPG,17
abda41fb-2ee5-4865-a198-e6c088b51178___Com.G_SpM_FL-9482.JPG,17
1ba7b39c-c687-42da-b283-edf7a03b17b7___Com.G_SpM_FL-9484.JPG,17
a0229f31-ff4c-43fb-92f0-932716d1756b___Com.G_SpM_FL-9599.JPG,17
2c0e3e42-3856-46e3-b12f-57719eeb5ef4___Com.G_SpM_FL-9598.JPG,17
8b4b9281-cf1e-407e-acf7-5ead938e57d1___Com.G_SpM_FL-9597.JPG,17
955a0b0a-915d-4f6b-b433-c365c8a4b9f6___Com.G_SpM_FL-9600.JPG,17
245d8d65-da20-4d9e-9970-c3e6bbb08800___Com.G_SpM_FL-9624.JPG,17
1747e771-a2c7-43e0-a158-02a78ec13d74___Com.G_SpM_FL-9625.JPG,17
7ab3ac9c-629e-4ca0-af0e-07e84c4a8d13___Com.G_SpM_FL-9623.JPG,17
a80f6d23-395d-4a7e-bd55-805e723f2b45___Com.G_SpM_FL-9622.JPG,17
4c41c67d-564c-44e2-98e0-b19bc3e10c7c___Com.G_SpM_FL-8887.JPG,17
2d213315-0896-4c0b-92a6-f7d84b17775f___Com.G_SpM_FL-8884.JPG,17
7f1dbe56-fdbb-4741-86d7-6abdb2bed6f6___Com.G_SpM_FL-8886.JPG,17
4e6c3abe-6ba6-41d2-b748-a349e40a79aa___Com.G_SpM_FL-8885.JPG,17
6549382d-4588-46c9-8a3f-53666af6ba03___Com.G_SpM_FL-9374.JPG,17
c71fc38e-d2af-4178-b642-929e321f6072___Com.G_SpM_FL-9372.JPG,17
0315776d-6d0d-4ae2-b102-4fd0feebaa51___Com.G_SpM_FL-9375.JPG,17
a36909f2-39bf-4ec8-b7bd-920cd3167042___Com.G_SpM_FL-9373.JPG,17
83066a1d-3c45-452b-af6e-55d6782c152d___Com.G_SpM_FL-9398.JPG,17
2bc44ebe-0c50-4e13-b174-c7af34098ed9___Com.G_SpM_FL-9399.JPG,17
08f0fd0e-d4b1-400d-9df1-2d61d24c95f0___Com.G_SpM_FL-9397.JPG,17
fee1de1c-c369-4535-baec-d6104df9a05d___Com.G_SpM_FL-9396.JPG,17
174b7a43-238b-4f06-84b0-d00b35857bb3___Com.G_SpM_FL-9267.JPG,17
b3ff8412-603f-47c7-855f-3670ffb84ee5___Com.G_SpM_FL-9266.JPG,17
8c849e11-f45e-4190-a5e7-d67a468a984c___Com.G_SpM_FL-9268.JPG,17
4ac9c932-72ee-45a7-8602-8fc1923e9e8e___Com.G_SpM_FL-9265.JPG,17
38be0c62-a8ce-49db-8187-294abc382ad6___Com.G_SpM_FL-8895.JPG,17
e52c806d-d1c7-41dc-ac4f-993860955329___Com.G_SpM_FL-8892.JPG,17
8b6855e2-9cc6-41f9-b5f7-b65e184d4b4d___Com.G_SpM_FL-8894.JPG,17
f6a1f3ef-b8c7-4343-897e-8cffb513502a___Com.G_SpM_FL-8893.JPG,17
f2fecaa6-8c39-4163-be6f-ecd456c7b74d___Com.G_SpM_FL-1197.JPG,17
6d855825-b3fb-4e2a-ab5c-ceb3b8b85e9f___Com.G_SpM_FL-1199.JPG,17
3ba4c514-567a-4e4b-9d22-9cf2a957e906___Com.G_SpM_FL-1198.JPG,17
2d0b5528-6c40-4881-9b9d-bd2cb06a2831___Com.G_SpM_FL-1200.JPG,17
cb4b61d2-35ed-4543-ac39-c79f5c268034___Com.G_SpM_FL-9569.JPG,17
9b6eb8d6-6649-4a39-8c45-41e63bf649ed___Com.G_SpM_FL-9572.JPG,17
2e41a813-b5a7-4501-bec2-e0f2db310a2c___Com.G_SpM_FL-9570.JPG,17
37643f50-c651-4b66-863b-1c10aa4de541___Com.G_SpM_FL-9571.JPG,17
7d7353ca-dd9a-49eb-acff-370d42407ae0___Com.G_SpM_FL-9424.JPG,17
d28089d2-6e51-4b8d-866c-88ecaf0239ac___Com.G_SpM_FL-9422.JPG,17
8515b72f-6c10-416c-8cdb-95673b3dbf46___Com.G_SpM_FL-9423.JPG,17
4f267ed7-b6f7-48f0-9741-8660f78c4507___Com.G_SpM_FL-9421.JPG,17
0cee18fc-bbbd-40dd-8d73-93df072c09ea___Com.G_SpM_FL-8904.JPG,17
a67b81b4-ba9a-48eb-99cd-be36350a787e___Com.G_SpM_FL-8906.JPG,17
5579b8b1-b67b-446a-96da-599e048979f5___Com.G_SpM_FL-8905.JPG,17
6eb67c67-b362-4be2-8257-27c8aba346d6___Com.G_SpM_FL-8907.JPG,17
53465364-cf45-422d-89f7-fa8fb1ce2bfe___Com.G_SpM_FL-9270.JPG,17
68c2d48b-f91e-42a4-afeb-9061cb4c6c74___Com.G_SpM_FL-9271.JPG,17
5d218af0-e5cf-43b7-acce-de9f86baa690___Com.G_SpM_FL-9272.JPG,17
1384ca63-9181-4245-b7ab-7a1f0fec34a8___Com.G_SpM_FL-9269.JPG,17
efe61ff3-0b11-412e-ab4e-5d27f7d1cfaa___Com.G_SpM_FL-9613.JPG,17
d8c4f4fd-92b9-4e04-9b76-66285d2cd703___Com.G_SpM_FL-9611.JPG,17
6591279c-cd57-411a-84b6-1cbe73b3d4ef___Com.G_SpM_FL-9612.JPG,17
113fe47e-6d5e-47da-8653-63095a9743c8___Com.G_SpM_FL-9610.JPG,17
900034b9-3cd5-4456-b75b-39e645e25a43___Com.G_SpM_FL-8751.JPG,17
71048e39-6d6e-4381-9113-f2b4bd71ab93___Com.G_SpM_FL-8749.JPG,17
27616b26-feaf-41dd-8e23-b0c493c7a2fa___Com.G_SpM_FL-8748.JPG,17
d05b2e21-1ba0-473a-889b-2a438dadac39___Com.G_SpM_FL-8750.JPG,17
47022d1b-82ee-4a72-8fdb-c014ba2f0caa___Com.G_SpM_FL-1632.JPG,17
d0cd0d30-a825-4ddb-9df6-c767b101735c___Com.G_SpM_FL-1630.JPG,17
7324a72f-2850-49f0-b33e-6e75c71fa7b2___Com.G_SpM_FL-1631.JPG,17
93584043-384a-48eb-885d-cb87a1e432c1___Com.G_SpM_FL-1629.JPG,17
485a1c9a-979b-46a5-b5b7-9bfca42919f6___Com.G_SpM_FL-1409.JPG,17
696b9ea7-6925-484c-a6d1-a9e00d8ee732___Com.G_SpM_FL-1407.JPG,17
c4c111ce-e78c-4c4e-9da4-cdd98a39cf2d___Com.G_SpM_FL-1406.JPG,17
207097b4-b76a-41dc-b80f-db4f2c9f2616___Com.G_SpM_FL-1408.JPG,17
db594718-ad38-4d28-969c-c4bac1b5bbe1___Com.G_SpM_FL-8443.JPG,17
10742761-050e-4a3b-b3ef-cbbde8cd6d2a___Com.G_SpM_FL-8445.JPG,17
e2537d47-96e5-487c-ba9a-a7feef92fd3b___Com.G_SpM_FL-8446.JPG,17
464dc57d-cd9d-43b3-980a-1a0d292edb8a___Com.G_SpM_FL-8444.JPG,17
333f0683-d52f-4bb8-a7ec-1c0f07164684___Com.G_SpM_FL-1147.JPG,17
0ac9558f-1e02-4498-9584-887627587bc0___Com.G_SpM_FL-1148.JPG,17
4f67760e-24e8-4a5d-8162-93e0ce8d93f7___Com.G_SpM_FL-1146.JPG,17
4bbb48dc-64cb-4777-be6b-2bae6c9c1444___Com.G_SpM_FL-1145.JPG,17
ab795780-b8d3-485d-a60c-0a8fd091af16___Com.G_SpM_FL-1257.JPG,17
33f539bd-6537-4a8f-93da-8988cb092c56___Com.G_SpM_FL-1258.JPG,17
4cf2d9a3-ae18-426a-a455-526aed2167a0___Com.G_SpM_FL-1260.JPG,17
e18529e1-ae21-43c7-95f9-82df36a4b20f___Com.G_SpM_FL-1259.JPG,17
51e4eabc-fe2b-44cc-88c8-bc95dafb5a57___Com.G_SpM_FL-8528.JPG,17
5a79ccbc-ed73-4870-8a2d-6e305c78f76b___Com.G_SpM_FL-8530.JPG,17
695e2809-20ee-462e-ad6f-2ee6f8704c2a___Com.G_SpM_FL-8531.JPG,17
e02d4707-0a24-441a-a866-a0a0af33a091___Com.G_SpM_FL-8529.JPG,17
f82052fb-163c-4ef6-acf0-49543f500f72___Com.G_SpM_FL-8494.JPG,17
89188288-ad6b-4327-b712-3c3dbe08e5eb___Com.G_SpM_FL-8495.JPG,17
c8d652a6-a7a7-496b-9535-7015e3f67c95___Com.G_SpM_FL-8492.JPG,17
5f8babef-d17a-45da-b633-34288cb66dc1___Com.G_SpM_FL-8493.JPG,17
83bc9c0d-4031-41ab-a636-45fcb01b1983___Com.G_SpM_FL-9380.JPG,17
fd563dc3-ebae-4a96-a700-2b28a3aee6c8___Com.G_SpM_FL-9383.JPG,17
0792af40-147c-400a-84e6-a0eeb25ac381___Com.G_SpM_FL-9381.JPG,17
d6a2b5de-e264-4038-bbee-18e64b5ee1a4___Com.G_SpM_FL-9382.JPG,17
9e1cfd52-d7f1-46a6-a88e-9fafe1f82b69___Com.G_SpM_FL-1283.JPG,17
c9f90de8-89ec-4a39-a117-30c89006a204___Com.G_SpM_FL-1281.JPG,17
04b0cccf-da6f-4ad8-9ff9-0055170a990c___Com.G_SpM_FL-1284.JPG,17
fd71ebe5-4ce6-4b19-b71e-cb66b034c123___Com.G_SpM_FL-1282.JPG,17
15f6c5bf-d689-4ffd-a27f-821c0517224c___Com.G_SpM_FL-1591.JPG,17
127e63a5-631d-4d1a-8196-300d38e00069___Com.G_SpM_FL-1590.JPG,17
9fd01a9c-be59-4d02-aca8-7d28170ea727___Com.G_SpM_FL-1588.JPG,17
515b6f36-73a7-4535-b7c4-0ead02abd698___Com.G_SpM_FL-1589.JPG,17
a2cfdb52-ba7c-4e49-bf32-54eeb4ee97c9___Com.G_SpM_FL-9345.JPG,17
c1f3630e-3f47-449c-88fb-31fef64a3ee2___Com.G_SpM_FL-9344.JPG,17
1fd449fe-904b-4df4-bdb1-a6b5c701efab___Com.G_SpM_FL-9346.JPG,17
93c5643b-517d-46d1-ade3-e321b8206b88___Com.G_SpM_FL-9343.JPG,17
116999e1-33f4-41bc-a3a3-fbb3332bf143___Com.G_SpM_FL-1603.JPG,17
a5fc8c9f-767e-4ccd-b8ab-a9c52fde7a39___Com.G_SpM_FL-1602.JPG,17
e5465236-4d0d-44e8-b6fa-9d3c908306c2___Com.G_SpM_FL-1601.JPG,17
7049a2b8-79a8-4ec3-9d10-24c966ca9d9d___Com.G_SpM_FL-1600.JPG,17
081a628a-9293-4aac-bde6-c117085132f6___Com.G_SpM_FL-9037.JPG,17
093aecee-3211-4aad-8f09-45ccdc92eeb6___Com.G_SpM_FL-9040.JPG,17
acaea00b-36d7-4973-863a-c0b961e69dab___Com.G_SpM_FL-9039.JPG,17
0d7c22dc-323c-4979-9dad-0fdbfdeb6e4e___Com.G_SpM_FL-9038.JPG,17
29e4107d-ab5d-462f-bfe9-d4f440e899fb___Com.G_SpM_FL-1538.JPG,17
7ea9c751-a6a5-4f57-b98f-856724ca2f19___Com.G_SpM_FL-1537.JPG,17
19cb71ea-49b7-4373-8a6b-1c8b1bf630a1___Com.G_SpM_FL-1536.JPG,17
5325808a-1f2d-4824-9175-3d47e5104810___Com.G_SpM_FL-1539.JPG,17
01027422-5838-4aaf-a517-01ea4e2cb6b9___Com.G_SpM_FL-9256.JPG,17
bbcc32ff-ab32-40bf-8c4f-35ed59740717___Com.G_SpM_FL-9255.JPG,17
957e88e1-8803-4ded-a7bc-35144fc25665___Com.G_SpM_FL-9254.JPG,17
57d35e31-04f4-4f97-9454-db012ca0cda4___Com.G_SpM_FL-9253.JPG,17
a74561dc-37d9-407f-bb58-596344859fa3___Com.G_SpM_FL-8517.JPG,17
2339bb0d-0389-46c0-9c13-dd5689506143___Com.G_SpM_FL-8516.JPG,17
3fe4c6c1-6c3b-45ec-83e7-24eb41e6a20c___Com.G_SpM_FL-8519.JPG,17
d037aa6a-b990-4422-9af8-3f379bf06717___Com.G_SpM_FL-8518.JPG,17
72cfc263-4e0a-4540-b7b3-dbd9bc81868c___Com.G_SpM_FL-8834.JPG,17
8f95a0cc-1a3c-477d-8872-8638f1df5361___Com.G_SpM_FL-8833.JPG,17
646aa524-ba89-4228-bd91-16d693ff1283___Com.G_SpM_FL-8835.JPG,17
8267018a-a4fa-420b-9cdb-6f44b150459f___Com.G_SpM_FL-8832.JPG,17
062c5345-1a64-4dba-8c58-0d72902742c1___Com.G_SpM_FL-8874.JPG,17
0f3b55b7-39de-4a05-9ed0-9ceaa32a2c34___Com.G_SpM_FL-8873.JPG,17
92d215ce-c6b4-44fd-9492-306d470b9801___Com.G_SpM_FL-8872.JPG,17
11c54a04-20e8-439c-b520-2d5a3c18d12b___Com.G_SpM_FL-8875.JPG,17
cf9b0f20-9a1c-4fce-b78c-e5d5ac122964___Com.G_SpM_FL-9643.JPG,17
0f94b000-c54f-45c1-b976-22cb57dda0c4___Com.G_SpM_FL-9640.JPG,17
d39a5841-b206-4eb3-a84d-1df91c7205aa___Com.G_SpM_FL-9641.JPG,17
25025d43-973f-4f07-8a3f-0457749ea4e6___Com.G_SpM_FL-9642.JPG,17
12019ba6-405d-45b7-b0e6-5a6a665de0e7___Com.G_SpM_FL-8624.JPG,17
74f16a00-dacc-42ae-ba07-ed3a22ba1ecc___Com.G_SpM_FL-8625.JPG,17
dbc0310f-d3e8-44d2-9565-c77cdf1bda7d___Com.G_SpM_FL-8626.JPG,17
c9d78d7a-8420-40c0-8282-0967bc79eec5___Com.G_SpM_FL-8627.JPG,17
52d800b0-dd7d-45a7-b696-5204fb0964d8___Com.G_SpM_FL-1760.JPG,17
e8a2e430-adae-4b78-bcfd-5652c59ad548___Com.G_SpM_FL-1758.JPG,17
92e113f7-cb96-47b7-a9a9-e03c29d0662c___Com.G_SpM_FL-1757.JPG,17
e3ea3bcf-d037-44df-a877-d8df8d7b5dc4___Com.G_SpM_FL-1759.JPG,17
628066de-63be-46b5-95fb-daf6096d4d6d___Com.G_SpM_FL-1566.JPG,17
3861fe05-3c70-4ca0-9729-30cbf67e475a___Com.G_SpM_FL-1564.JPG,17
fddf2531-e2d5-4e98-8b8d-725088227b66___Com.G_SpM_FL-1565.JPG,17
f4e7971e-2b38-49c8-9cd8-7d0a5431ac40___Com.G_SpM_FL-1567.JPG,17
0f6a5f32-3d95-4ef1-bc01-ba36f2efb2b4___Com.G_SpM_FL-1661.JPG,17
123223d5-ec90-4df4-8a65-e474c88fda19___Com.G_SpM_FL-1664.JPG,17
8a3d2ca0-3ee0-4506-9d69-e3f9b267d540___Com.G_SpM_FL-1662.JPG,17
be3326b5-c152-464d-8803-21ca7149e6db___Com.G_SpM_FL-1663.JPG,17
0bc5e91c-637e-4a44-a44d-3ee6c941bb96___Com.G_SpM_FL-1592.JPG,17
5597ebf9-13fb-4851-baad-403c7c86e61e___Com.G_SpM_FL-1595.JPG,17
1bb271cf-e12d-4536-a164-9a6a87002cd0___Com.G_SpM_FL-1593.JPG,17
6cbe9d8a-181e-485b-baff-86b863a392d1___Com.G_SpM_FL-1594.JPG,17
4eb820b8-435d-45c4-a23b-29a375d58bea___Com.G_SpM_FL-8971.JPG,17
26c1a596-cb42-49b1-b4f5-ab0c6a8ee82c___Com.G_SpM_FL-8969.JPG,17
525fdf85-b46e-41f4-a96e-8667d3afb605___Com.G_SpM_FL-8970.JPG,17
9b787da2-922e-4a68-b488-434c967b2fe9___Com.G_SpM_FL-8968.JPG,17
643048b3-fcbc-46d2-9799-7e2f8fd9b57f___Com.G_SpM_FL-9652.JPG,17
221cfaea-f871-4675-91fd-fab2cf534d69___Com.G_SpM_FL-9655.JPG,17
03fa54ef-d6cc-40f3-8ae2-469d1ab5b541___Com.G_SpM_FL-9653.JPG,17
ff146f2c-dbb7-4da0-aa98-a36351435489___Com.G_SpM_FL-9654.JPG,17
9c331f8d-7e99-4238-9edd-1f26c45c7ea7___Com.G_SpM_FL-9480.JPG,17
c323c312-d6af-4c93-844b-b2ce389a2420___Com.G_SpM_FL-9477.JPG,17
82306885-f863-4d0c-983b-9c479a0ff83f___Com.G_SpM_FL-9478.JPG,17
85d02dcc-7d8f-4ba1-a55e-14d5e75444c5___Com.G_SpM_FL-9479.JPG,17
0a246e71-0551-4603-a017-d1dfc4ea06be___Com.G_SpM_FL-1178.JPG,17
6ae5f2cd-c609-4fe1-865f-2953dadd0953___Com.G_SpM_FL-1180.JPG,17
1f100e65-f5ab-4991-8665-f9fb28f5c0e2___Com.G_SpM_FL-1179.JPG,17
df77b9e2-1bbe-416d-bb88-51ff56bc823d___Com.G_SpM_FL-1177.JPG,17
4fc60427-ea10-4975-8ab9-f3b83aa362ea___Com.G_SpM_FL-1227.JPG,17
9ab54b59-cf04-4f64-aab7-57b64de6ac44___Com.G_SpM_FL-1225.JPG,17
71648f5c-c9ee-4757-be82-4f8dce7ca3df___Com.G_SpM_FL-1228.JPG,17
48ac5ee4-7f7a-4351-8d34-90f89d21ee24___Com.G_SpM_FL-1226.JPG,17
792c1530-f0d0-48c2-856d-6bb7003fbece___Com.G_SpM_FL-8475.JPG,17
61a3ac73-33bd-4a80-9d0b-be731d945c8f___Com.G_SpM_FL-8472.JPG,17
82ba3fda-2d9e-43cf-85d6-c9af53f54370___Com.G_SpM_FL-8474.JPG,17
305d5fd0-b63c-41d3-9980-9c6aa808b893___Com.G_SpM_FL-8473.JPG,17
05be6ebc-1641-4707-91da-9b5650b9641a___Com.G_SpM_FL-8857.JPG,17
fdd972d8-a61e-4ae6-b2ae-08c2e3db0900___Com.G_SpM_FL-8856.JPG,17
d9af9077-47e3-428c-bd9e-89e57a2f551b___Com.G_SpM_FL-8859.JPG,17
be960347-691b-4378-b9a9-4fbbb456fc76___Com.G_SpM_FL-8858.JPG,17
d172ed82-bf62-48f7-b4dd-36b279c13aba___Com.G_SpM_FL-8431.JPG,17
410da855-d70e-40d5-8aa3-23e472c1ab99___Com.G_SpM_FL-8433.JPG,17
92d70b79-4175-4994-b706-e4ba8805f8d6___Com.G_SpM_FL-8434.JPG,17
bdbfbe1d-f2ac-4ab1-a20f-dc64ab2b1e75___Com.G_SpM_FL-8432.JPG,17
1954b3c0-6f93-40ee-9618-4efafe5d7b87___Com.G_SpM_FL-8961.JPG,17
c39c2991-99d9-4fd9-be42-97c0ec41d59e___Com.G_SpM_FL-8960.JPG,17
4ceaac12-5d26-494a-be0a-6f7e747a02c2___Com.G_SpM_FL-8963.JPG,17
8f53750b-2b3f-4e1c-87ae-dd9659976129___Com.G_SpM_FL-8962.JPG,17
0eead1ad-106f-4bb7-8e9e-4ed03cdeb7ab___Com.G_SpM_FL-1319.JPG,17
983c8b13-b647-4727-9f5d-3930161e4a84___Com.G_SpM_FL-1318.JPG,17
cfec2513-cdcc-4780-9d3f-2e794c421915___Com.G_SpM_FL-1317.JPG,17
4007ccf0-3110-42bb-af17-3bcb34a30575___Com.G_SpM_FL-1320.JPG,17
c8a59f0d-0c74-44c3-a862-4874566bb5c0___Com.G_SpM_FL-9594.JPG,17
e75ee5eb-d2c7-400a-8fd0-99cf0ec3e373___Com.G_SpM_FL-9595.JPG,17
476ed525-ff16-4980-88e0-eb39f0fd4670___Com.G_SpM_FL-9593.JPG,17
3c4379ee-ffcf-4387-bcc6-3e1bbb98c11e___Com.G_SpM_FL-9596.JPG,17
e62a1de5-9b8a-4133-8f78-5c9e9f56fa3b___Com.G_SpM_FL-9445.JPG,17
773d6169-0f79-4d2d-b10a-f0b40c936e40___Com.G_SpM_FL-9448.JPG,17
dc952b07-cb79-47e0-9bfe-48bda40fbbb9___Com.G_SpM_FL-9446.JPG,17
c4888a9c-836d-4024-a44e-7e451470388d___Com.G_SpM_FL-9447.JPG,17
85013fcf-15cc-4365-8536-735de6d9be7b___Com.G_SpM_FL-1576.JPG,17
4cab6361-aae6-4bc4-bd5b-d206d4e7e942___Com.G_SpM_FL-1579.JPG,17
c88db8ed-6493-4d6d-9474-f4538a227567___Com.G_SpM_FL-1577.JPG,17
1e0febc9-f544-45bb-9a39-69722d288393___Com.G_SpM_FL-1578.JPG,17
5b432300-9fe3-428a-8a4f-ae38a283f953___Com.G_SpM_FL-8792.JPG,17
2ec0c679-521d-455f-8741-067470353fe3___Com.G_SpM_FL-8795.JPG,17
a4875bbb-41eb-440b-bb04-fb6549bfaff6___Com.G_SpM_FL-8794.JPG,17
1b50c39d-8e8c-4d76-be2d-9d2c43cf09a6___Com.G_SpM_FL-8793.JPG,17
fe753434-8f8b-4e59-9a67-ccd9964894aa___Com.G_SpM_FL-8535.JPG,17
04a5f541-9202-4475-b5a0-01c14543f211___Com.G_SpM_FL-8534.JPG,17
f15573ed-d838-4a50-b405-75aca255b610___Com.G_SpM_FL-8533.JPG,17
5da96ce7-7da5-4709-b88d-d560e70e0085___Com.G_SpM_FL-8532.JPG,17
4abc263b-f7eb-400b-a4b1-50bb812d749a___Com.G_SpM_FL-1344.JPG,17
56987d4c-c263-4b31-ba40-679cc228d35b___Com.G_SpM_FL-1343.JPG,17
54d1ce9f-18f7-4875-b7fa-6bd9b5daa9ef___Com.G_SpM_FL-1345.JPG,17
e958f0db-b139-4e9b-a720-ebc067128a0e___Com.G_SpM_FL-1342.JPG,17
089621fa-9c68-4401-a964-ee3383a31cd6___Com.G_SpM_FL-8554.JPG,17
548ac4de-ccf8-45b0-bd2e-84d4456427dd___Com.G_SpM_FL-8553.JPG,17
e5cfe36c-5c1a-4803-9cde-2df158861c95___Com.G_SpM_FL-8555.JPG,17
b67eae18-67c7-4b28-bbb4-27b94f29ecbe___Com.G_SpM_FL-8552.JPG,17
a0120655-58c5-4e0d-820a-9ebc3ba45717___Com.G_SpM_FL-8925.JPG,17
2fd0efb7-d0fd-4c57-ba78-8e6a3fc5e149___Com.G_SpM_FL-8926.JPG,17
dde082cf-6127-4818-8b41-7b3b2298d964___Com.G_SpM_FL-8927.JPG,17
3b90769e-82f9-4b5f-93dd-6c2666f3c952___Com.G_SpM_FL-8924.JPG,17
85bb0ebc-4b7f-4081-99e8-76f7764ded11___Com.G_SpM_FL-1449.JPG,17
29be21be-a2ed-4ffd-b76a-7c078a9fc017___Com.G_SpM_FL-1446.JPG,17
1c4ea24a-8e30-4fde-8ff3-32c9bbe4b432___Com.G_SpM_FL-1448.JPG,17
4dbc8d8b-4d1d-410f-927b-16556e2039c5___Com.G_SpM_FL-1447.JPG,17
2c3edf31-5e58-4122-a909-be004063db57___Com.G_SpM_FL-8839.JPG,17
6ccc28d1-18a0-4b59-94a8-cd9fbd883555___Com.G_SpM_FL-8838.JPG,17
82565e82-32e7-482c-a1ab-68f4853e5dcb___Com.G_SpM_FL-8836.JPG,17
0bfd3a50-768e-4661-a134-43aaee7a1c1d___Com.G_SpM_FL-8837.JPG,17
ed4d4d88-f802-4e7f-80a7-2b97cd714600___Com.G_SpM_FL-1597.JPG,17
05d67c02-8fb8-40dd-bbbe-efdc9837dced___Com.G_SpM_FL-1598.JPG,17
a46bbe0e-2964-41df-abe5-f9c9a6934c37___Com.G_SpM_FL-1599.JPG,17
f6521ef2-697b-44be-b957-177c95645a71___Com.G_SpM_FL-1596.JPG,17
d82b4325-1b29-4378-92b8-8440c8bd1f00___Com.G_SpM_FL-8598.JPG,17
3d06d27e-cfea-40b4-ac55-9e0dc96f6b55___Com.G_SpM_FL-8596.JPG,17
4f44e677-ae55-48f2-a439-11d162fcfe3e___Com.G_SpM_FL-8599.JPG,17
6e543dfb-0c4e-46de-8c2d-f553491d085d___Com.G_SpM_FL-8597.JPG,17
7346096e-9edb-48c3-a45d-65930d45c3ba___Com.G_SpM_FL-8876.JPG,17
8d3cc2ad-17cb-4646-bc0b-a54e59ca7d7d___Com.G_SpM_FL-8879.JPG,17
2a70c9e6-2c2f-4355-94fb-02afc8141be5___Com.G_SpM_FL-8877.JPG,17
cd129e3c-c287-47c0-8fb8-ff7eccc971ba___Com.G_SpM_FL-8878.JPG,17
2141c98c-1ff5-405e-9fe7-06dd14099edc___Com.G_SpM_FL-8984.JPG,17
6ffb28d2-211c-4fd3-b1c8-b1c89a521a93___Com.G_SpM_FL-8987.JPG,17
9833cceb-2727-4d3e-a605-6f18cd87211e___Com.G_SpM_FL-8985.JPG,17
45530c9d-8c79-4436-8d2e-e4ba926d7ef3___Com.G_SpM_FL-8986.JPG,17
f9234562-7b0a-4685-b92b-a4ee86670292___Com.G_SpM_FL-8902.JPG,17
7ffe157d-d78c-433f-8272-a5dace87ef5f___Com.G_SpM_FL-8903.JPG,17
92eebea8-e369-4cf4-ada9-5b4814be3566___Com.G_SpM_FL-8901.JPG,17
8fd420fe-6e79-46a5-917e-4cfaca97bd5a___Com.G_SpM_FL-8900.JPG,17
192b37de-023d-4075-a525-397353e8c93c___Com.G_SpM_FL-1690.JPG,17
95259f4f-cf58-4eaf-8250-65a78d325fe0___Com.G_SpM_FL-1692.JPG,17
edd90a56-3a0f-4b3c-a55e-0e0a73bdf18d___Com.G_SpM_FL-1689.JPG,17
e7e3ad57-258a-4024-adab-b9a13afc4401___Com.G_SpM_FL-1691.JPG,17
eecf1b41-1c1f-4bdb-9d63-795842cc83e2___Com.G_SpM_FL-1771.JPG,17
adbd213f-90ad-4a26-900d-e91fde64539e___Com.G_SpM_FL-1772.JPG,17
fb4d0983-9df9-40be-8b1c-bbd5b9aa3620___Com.G_SpM_FL-1770.JPG,17
1b51a575-adbd-406b-8371-754b6009e7fb___Com.G_SpM_FL-1769.JPG,17
b8f3fa26-1221-49a9-882c-635f9155d12a___Com.G_SpM_FL-8821.JPG,17
64603741-48ad-46ad-96fd-33b1f1269a38___Com.G_SpM_FL-8823.JPG,17
91fc001b-f4dd-4ffb-af7c-2c7dd4f1c4ab___Com.G_SpM_FL-8822.JPG,17
c440103e-9990-4f0b-8d49-91bb7fc74eee___Com.G_SpM_FL-8820.JPG,17
9c6749a6-781b-4700-bf38-d7e441a593d9___Com.G_SpM_FL-1394.JPG,17
a0900c57-a463-4412-a3bc-83b413d3eae3___Com.G_SpM_FL-1395.JPG,17
d6016818-1e71-4bb2-a10b-35ef305b5dfb___Com.G_SpM_FL-1396.JPG,17
5baabb99-9a77-4b9d-b298-b39042a935d3___Com.G_SpM_FL-1397.JPG,17
5d0e79cc-2a50-49cf-9d1c-d5dc064545f3___Com.G_SpM_FL-9306.JPG,17
fe71b883-7106-4a92-85b6-09e6015ff0ff___Com.G_SpM_FL-9303.JPG,17
b1405282-b12b-4d98-923a-04e217720c2b___Com.G_SpM_FL-9304.JPG,17
187be065-ec6f-4e93-a647-e7385dca9272___Com.G_SpM_FL-9305.JPG,17
75c39e92-9f7a-4266-b6bb-56bb3cd48dcb___Com.G_SpM_FL-9523.JPG,17
d2414051-ad35-4413-8305-9285c5acdc79___Com.G_SpM_FL-9524.JPG,17
f4a12c44-b3a8-4419-b34e-ae6bdfa7d765___Com.G_SpM_FL-9521.JPG,17
2db25538-8655-4530-95e8-025d428e158c___Com.G_SpM_FL-9522.JPG,17
91e2b204-69a4-4170-82bd-fb9cb8b1407d___Com.G_SpM_FL-8973.JPG,17
ea3ad541-4a21-4c24-925d-0d98d7aaca44___Com.G_SpM_FL-8972.JPG,17
cb6ac171-2ca1-47cc-a295-4dbe7c9b2103___Com.G_SpM_FL-8975.JPG,17
9a0314a7-fefe-4687-a357-4f72859627fd___Com.G_SpM_FL-8974.JPG,17
1dac8b31-ebbc-4ff5-965c-19f58c368e9e___Com.G_SpM_FL-8843.JPG,17
11337458-8442-4322-b615-31a57e7a8323___Com.G_SpM_FL-8840.JPG,17
b6989b70-a94f-4f48-a00a-2277f8ace6c6___Com.G_SpM_FL-8841.JPG,17
820cdb82-b90d-4909-ad84-273bf8d1b2fb___Com.G_SpM_FL-8842.JPG,17
17f512bf-921f-4c9e-bc1d-24a330e5dd75___Com.G_SpM_FL-8527.JPG,17
8f2eedcb-2e42-4d92-8492-a45c1fb06991___Com.G_SpM_FL-8525.JPG,17
ff20d775-59a6-437c-9039-f72d07aa4484___Com.G_SpM_FL-8524.JPG,17
ec2742ac-9e83-449c-8f1f-9e53e07d5da5___Com.G_SpM_FL-8526.JPG,17
d3732d4c-b7a5-4a11-9290-d3faf28c204b___Com.G_SpM_FL-9023.JPG,17
aaa6e60c-1db9-475d-b312-c3fea4a00c5a___Com.G_SpM_FL-9020.JPG,17
4bac1537-cc33-460d-901c-70eb70db38a0___Com.G_SpM_FL-9021.JPG,17
8c3ccc36-216d-4249-af4f-a6d41f9991d5___Com.G_SpM_FL-9022.JPG,17
5e01fe8b-38c3-4de6-beee-50266519f226___Com.G_SpM_FL-9376.JPG,17
fbd9d6dd-1141-42e8-84d5-7ca48ba4632c___Com.G_SpM_FL-9377.JPG,17
d9107a2d-f6be-441a-a0d1-3e6daf981704___Com.G_SpM_FL-9379.JPG,17
ae60fb8a-1774-422b-a141-869d27d74e22___Com.G_SpM_FL-9378.JPG,17
3a2b3d76-060b-41c2-b6e5-44149f209b73___Com.G_SpM_FL-1321.JPG,17
61b545b4-309c-4eff-9fe7-e0979dbe3c40___Com.G_SpM_FL-1322.JPG,17
70d81d89-74a0-43bc-ae4f-61bd0d9cc6af___Com.G_SpM_FL-1323.JPG,17
ad45886f-4eae-4abd-b4c5-a933efe7218e___Com.G_SpM_FL-1324.JPG,17
518cbf00-c59d-48ba-9bcb-e7db50d28524___Com.G_SpM_FL-1300.JPG,17
7a4ac14c-d097-4a03-aa13-46e47a3d6bef___Com.G_SpM_FL-1298.JPG,17
dbf92257-e88c-45b3-b5c4-0731bab518e3___Com.G_SpM_FL-1297.JPG,17
cc50ced6-b90e-4f0d-b278-0806d6a658b5___Com.G_SpM_FL-1299.JPG,17
c4430ef6-bf01-4d6f-821b-0c87556db806___Com.G_SpM_FL-8880.JPG,17
c7684c24-bef0-48c4-889d-4296d47f3403___Com.G_SpM_FL-8882.JPG,17
e917a630-3b61-4737-8adf-88c04baf2153___Com.G_SpM_FL-8881.JPG,17
326a53b6-1d92-475a-9a30-4fc70754eacf___Com.G_SpM_FL-8883.JPG,17
22219bbe-58a4-4818-b080-05ac837ef496___Com.G_SpM_FL-1261.JPG,17
6543f73d-0cf4-4e29-83a4-54c4684e9134___Com.G_SpM_FL-1263.JPG,17
50f99657-4955-4199-a9c9-640045a7b4aa___Com.G_SpM_FL-1262.JPG,17
a5ae43ce-cfd3-4106-80e0-46c96f201b7c___Com.G_SpM_FL-1264.JPG,17
ce0386c6-eef2-4746-8407-785b6be137f5___Com.G_SpM_FL-8778.JPG,17
b967a703-bef2-4d8a-9159-ddae8b8430c5___Com.G_SpM_FL-8777.JPG,17
35cff873-5b93-4de6-9790-783f42cd6b5d___Com.G_SpM_FL-8779.JPG,17
145f452c-a852-4fcc-8c81-d59165ecb774___Com.G_SpM_FL-8776.JPG,17
1f79e619-5551-4d1e-b5f9-9f097781a967___Com.G_SpM_FL-8451.JPG,17
e3687cbd-21d5-4560-a527-c0693c48d806___Com.G_SpM_FL-8454.JPG,17
a220e9d0-2c68-4692-8955-dc931924fa17___Com.G_SpM_FL-8452.JPG,17
ba228541-4441-4e15-9d4d-7cd4aababf12___Com.G_SpM_FL-8453.JPG,17
2b47c565-c37a-4bdb-baa9-b3721dbf9bb6___Com.G_SpM_FL-9326.JPG,17
8bb7bd71-ecf7-49cb-8375-18cdff0ad3c0___Com.G_SpM_FL-9323.JPG,17
0d956449-8243-4229-b293-124461cc4940___Com.G_SpM_FL-9325.JPG,17
4507779d-5b5d-4c5d-83d4-8eea46679249___Com.G_SpM_FL-9324.JPG,17
b313c827-af8b-4b98-af86-a7b07bf20dc1___Com.G_SpM_FL-9307.JPG,17
9b663836-f45a-4049-a0f5-35a0b3225e42___Com.G_SpM_FL-9309.JPG,17
9514a969-3abc-44e7-b75a-9bcf3670b105___Com.G_SpM_FL-9310.JPG,17
81694ba2-5158-48aa-8b54-80ab5cae801c___Com.G_SpM_FL-9308.JPG,17
ed4959f6-0ad7-4e9e-a1df-09d1160780d1___Com.G_SpM_FL-8797.JPG,17
03e18a00-ffbd-4863-a0c5-7c597c09b025___Com.G_SpM_FL-8798.JPG,17
f4788089-544c-42c7-ac09-9ede28bca5f4___Com.G_SpM_FL-8799.JPG,17
3049a6ad-905d-4a96-92b4-2ec045c397a1___Com.G_SpM_FL-8796.JPG,17
76704cf7-f216-49f4-83d6-7a2c7bc5beba___Com.G_SpM_FL-1251.JPG,17
28dbca1c-1fc6-4d8f-a1b9-c81314280954___Com.G_SpM_FL-1249.JPG,17
f5dcd9bb-8a3a-4236-985d-3fde8ea04d6f___Com.G_SpM_FL-1250.JPG,17
acd53505-84a0-48da-924a-5ea032f52388___Com.G_SpM_FL-1252.JPG,17
c04a2775-9b88-437c-9ae6-1bace29f4a44___Com.G_SpM_FL-8783.JPG,17
2deab6b3-44aa-4ea1-8b18-13b39117ca2d___Com.G_SpM_FL-8781.JPG,17
620d5eae-9420-4027-b468-48cae32e0c2f___Com.G_SpM_FL-8782.JPG,17
b7de2f62-330a-4ea0-91d1-d69f9629e150___Com.G_SpM_FL-8780.JPG,17
e9b2e448-c8b7-4fde-b1f2-1ab86dce0b86___Com.G_SpM_FL-1330.JPG,17
a90a76da-5115-4423-a699-0f476b9bc1d5___Com.G_SpM_FL-1332.JPG,17
b236a918-7730-4fae-8eb7-bb7457f1c315___Com.G_SpM_FL-1331.JPG,17
86219f47-e739-479c-890d-622d000bcee1___Com.G_SpM_FL-1333.JPG,17
18663563-6c5e-43f0-bed8-72e7c9adc3ee___Com.G_SpM_FL-8831.JPG,17
7c3b7797-2ca7-4c35-af30-ca0ca7217015___Com.G_SpM_FL-8830.JPG,17
4c9e9795-8252-4c13-84e8-1dd5564f6517___Com.G_SpM_FL-8828.JPG,17
0dd13a82-3fd8-426b-8a87-4e695c92d3b2___Com.G_SpM_FL-8829.JPG,17
5e2ac986-e2a1-4649-8db6-3d87f46a3b65___Com.G_SpM_FL-9529.JPG,17
fbc3d1d5-cffd-4362-83c7-c88f56697060___Com.G_SpM_FL-9532.JPG,17
f8833bfd-37c6-4738-838b-a17619a43abf___Com.G_SpM_FL-9530.JPG,17
cc76b3ae-c1e0-4f0a-b7a0-9696a18079e5___Com.G_SpM_FL-9531.JPG,17
a78175ff-9e32-4f4d-b8b7-f66640a1a995___Com.G_SpM_FL-9024.JPG,17
5618d5c6-1428-4c65-a1de-5dc814f6626d___Com.G_SpM_FL-9026.JPG,17
416c7502-7038-43fb-a700-d11d8a54cafb___Com.G_SpM_FL-9025.JPG,17
88dd407b-4ff6-4106-92a6-76d758e88c58___Com.G_SpM_FL-9027.JPG,17
06f22419-20df-43ab-9402-7ee76eb08921___Com.G_SpM_FL-1325.JPG,17
2cf7009e-f40f-4903-9571-84784d637e7a___Com.G_SpM_FL-1328.JPG,17
40e7cd25-e77b-4081-8291-24acb4e57d90___Com.G_SpM_FL-1326.JPG,17
329e5281-32c7-486b-86bc-1333ace123d0___Com.G_SpM_FL-1327.JPG,17
273ebba7-4f24-41a2-a825-a997dd6cea5f___Com.G_SpM_FL-1521.JPG,17
fa0f71aa-5583-4376-ab17-a755cf065aaf___Com.G_SpM_FL-1520.JPG,17
1e802d57-3ff5-4527-8c9a-b1b764d6ccc9___Com.G_SpM_FL-1522.JPG,17
7dfca492-1ce1-45f6-85d6-8aaec359f6ac___Com.G_SpM_FL-1519.JPG,17
39f1d7a1-98b3-48b8-91eb-3fed9bbbc6d4___Com.G_SpM_FL-1556.JPG,17
46aff4bf-7ab8-4a46-95d0-cc3a2007207a___Com.G_SpM_FL-1558.JPG,17
f8f05d07-a357-4cb6-8306-f6a8fcf87f04___Com.G_SpM_FL-1559.JPG,17
5b7d7af1-b710-4d56-ac06-e4c413321f9c___Com.G_SpM_FL-1557.JPG,17
498314ae-6c7f-4c5a-998a-ad0dab8456f6___Com.G_SpM_FL-8923.JPG,17
6438ec03-562d-4187-bb20-9046dcce5601___Com.G_SpM_FL-8920.JPG,17
159ef3ee-ef23-4df6-b3bc-a7a8bc01aaa0___Com.G_SpM_FL-8921.JPG,17
3a190004-02f9-4284-9750-d12fe0272a6f___Com.G_SpM_FL-8922.JPG,17
44051fdf-8fde-4c5a-8580-119c129b45b1___Com.G_SpM_FL-8945.JPG,17
f87dde9f-b0ca-4b96-a065-545d707d72a6___Com.G_SpM_FL-8946.JPG,17
861a37d6-fd5d-4f50-b36a-7758bb468ee2___Com.G_SpM_FL-8944.JPG,17
e9fa86d5-dc29-49a9-bb72-ce75beecd01f___Com.G_SpM_FL-8947.JPG,17
d1d2eb37-6849-4a57-a138-3e9ad92d4aa1___Com.G_SpM_FL-8938.JPG,17
f3d536e0-cb34-44f8-a66f-afa559e3529e___Com.G_SpM_FL-8936.JPG,17
0d6a202a-046f-47b2-beec-cc6a1e7deae6___Com.G_SpM_FL-8937.JPG,17
dc37a0ac-c1ae-4f42-9e49-622af4cfa1cc___Com.G_SpM_FL-8939.JPG,17
ea97444a-53a0-41fe-a790-811c730f1321___Com.G_SpM_FL-1525.JPG,17
151b5158-4ae7-42b7-bfa0-fcd68bb2167d___Com.G_SpM_FL-1524.JPG,17
d4ab5bf8-bd6f-4881-bcd9-694708a7d8b3___Com.G_SpM_FL-1523.JPG,17
7fc57b6c-2b51-481d-aaf2-97a935f8765d___Com.G_SpM_FL-1526.JPG,17
392c91dd-5517-4f68-a5c9-36f56e33d34e___Com.G_SpM_FL-1314.JPG,17
3d39341d-dbcb-4453-b193-c00d57af0fe9___Com.G_SpM_FL-1313.JPG,17
4a1fef3f-35be-48ca-9e6c-78d5578c727a___Com.G_SpM_FL-1316.JPG,17
acb56492-3c52-4fb3-89ca-070df2fc6148___Com.G_SpM_FL-1315.JPG,17
aadcf7d6-56f1-495c-a099-8fca2f2e79e1___Com.G_SpM_FL-1392.JPG,17
8d2e6e89-57f3-427b-8525-1924fac85a4a___Com.G_SpM_FL-1391.JPG,17
3d7b00e9-5e2b-4fa7-ae44-373b6f09dfe7___Com.G_SpM_FL-1393.JPG,17
4d19f5b1-d82b-437d-936e-5afaa8ebb885___Com.G_SpM_FL-1390.JPG,17
a317385b-4f00-489e-94d3-8fbeac153086___Com.G_SpM_FL-8698.JPG,17
a4d09278-0087-43a4-bb77-11b22c861d30___Com.G_SpM_FL-8699.JPG,17
3621f0bd-8e40-4b1b-a6d4-23651e3b2dc2___Com.G_SpM_FL-8696.JPG,17
22372e33-7f94-48f7-b394-421d1489328a___Com.G_SpM_FL-8697.JPG,17
cc736449-0d02-4b8b-b8c1-d6bbcd7b863f___Com.G_SpM_FL-8954.JPG,17
df5798c3-0d5d-4fdd-9a4e-4b53299c5017___Com.G_SpM_FL-8952.JPG,17
2252552c-aa8f-45a4-8c26-f79fa3febf9d___Com.G_SpM_FL-8955.JPG,17
4a3af292-7433-414b-bda0-0398a3b782fb___Com.G_SpM_FL-8953.JPG,17
cad4659e-efce-4151-8db9-5c2799c6fdb3___Com.G_SpM_FL-9475.JPG,17
e4186179-9187-4c92-b6d2-fdb44ed67b96___Com.G_SpM_FL-9474.JPG,17
45c5ff61-28c2-45c7-9892-6adad2a445ea___Com.G_SpM_FL-9476.JPG,17
a1182087-7d2d-439f-917f-26c63fc7ee3d___Com.G_SpM_FL-9473.JPG,17
55a69cc9-7404-469c-a367-bd54f182c2a5___Com.G_SpM_FL-9409.JPG,17
bc622d59-72a1-4220-b75d-b91651d8b53d___Com.G_SpM_FL-9411.JPG,17
10e51f80-5ecc-4780-81ee-5d9db5aa4e53___Com.G_SpM_FL-9408.JPG,17
3753178e-eee8-405a-93b3-8f34728d7210___Com.G_SpM_FL-9410.JPG,17
e1ab2123-a43d-4b99-a143-df1e7f09b546___Com.G_SpM_FL-1184.JPG,17
491846cf-0ae0-41f5-aacb-b686b60f0f63___Com.G_SpM_FL-1183.JPG,17
757bb0c9-1ccf-421d-b849-479add7e012e___Com.G_SpM_FL-1182.JPG,17
93c217f5-43d5-454b-820a-e76a63993497___Com.G_SpM_FL-1181.JPG,17
abfc3926-5ff5-46c0-a131-0853b4e686b3___Com.G_SpM_FL-1162.JPG,17
e1597efb-3040-427b-8b1c-5522b57042d9___Com.G_SpM_FL-1163.JPG,17
1dd207c1-1fbe-454a-b63f-8051bb26aea8___Com.G_SpM_FL-1161.JPG,17
3f364683-faa4-490f-b512-1f78010fcbe8___Com.G_SpM_FL-1164.JPG,17
52b0a6de-e8c0-480f-acdc-d488228616f4___Com.G_SpM_FL-8572.JPG,17
82dff876-8701-443c-b9dd-a96f832767e0___Com.G_SpM_FL-8573.JPG,17
bd02e7b2-383c-4d04-8361-084cec0dc177___Com.G_SpM_FL-8574.JPG,17
c4606071-63fe-4939-8245-48a0a7e5b628___Com.G_SpM_FL-8575.JPG,17
80288a30-b830-4bb8-8477-4491a125368d___Com.G_SpM_FL-1475.JPG,17
f9725539-49f8-4152-9c67-cc018fca8c87___Com.G_SpM_FL-1477.JPG,17
c632fc41-93b2-4655-abee-cfba25000d1b___Com.G_SpM_FL-1476.JPG,17
8d3dee7d-c032-412b-81dc-40fd160be9f2___Com.G_SpM_FL-1478.JPG,17
4339add7-fc5c-472a-a5d3-67af2f544f23___Com.G_SpM_FL-9472.JPG,17
41b662fc-9ef2-4374-9a17-2a181735d756___Com.G_SpM_FL-9471.JPG,17
e4f581da-1a38-430b-9a91-fe00308afd4f___Com.G_SpM_FL-9469.JPG,17
8a9fbe5a-7158-4e10-bfdc-04138408a2f0___Com.G_SpM_FL-9470.JPG,17
44276721-fa2c-44b1-a44c-bbe408bd129e___Com.G_SpM_FL-8496.JPG,17
2a6aa96a-1916-4d47-932a-9eda7ca46c91___Com.G_SpM_FL-8497.JPG,17
dbdc03e7-aed5-415b-9b93-2e47ef27f1c3___Com.G_SpM_FL-8498.JPG,17
b05118ca-3085-4fdd-ac15-af66eab2ccb3___Com.G_SpM_FL-8499.JPG,17
f0dcd911-4ac9-40c5-b430-e4522ae6e82b___Com.G_SpM_FL-9629.JPG,17
53884dab-82f0-4f78-b28e-c0fe64805316___Com.G_SpM_FL-9630.JPG,17
97148730-7d8d-490d-9f90-1e0afafce2a4___Com.G_SpM_FL-9631.JPG,17
d56e9013-62c8-4678-95ae-6b9f7e2e16bf___Com.G_SpM_FL-9627.JPG,17
a14df6fa-024d-46d4-83ef-52d4d76c8f8c___Com.G_SpM_FL-8685.JPG,17
09f7d264-2fb7-48c2-adec-2bc288fb22cd___Com.G_SpM_FL-8686.JPG,17
9ece45c2-51c5-422d-848d-faad730c7369___Com.G_SpM_FL-8684.JPG,17
8ed14c2a-042c-419c-b215-3779e73cfbf9___Com.G_SpM_FL-8687.JPG,17
4f355304-d619-4594-8370-a0863049bf4d___Com.G_SpM_FL-8981.JPG,17
a4f8db48-3677-438b-b06f-d1832dcefbd7___Com.G_SpM_FL-8982.JPG,17
443ec2ab-57b1-4853-a779-2f020ac7d1cf___Com.G_SpM_FL-8983.JPG,17
e23ee999-dff9-4f41-bb30-58711bd4103e___Com.G_SpM_FL-8980.JPG,17
84acf9e0-37b0-4008-bf11-0063fec9ff05___Com.G_SpM_FL-8766.JPG,17
6655b806-52a7-44ea-95e6-ffa7a9ff673c___Com.G_SpM_FL-8764.JPG,17
05138887-688c-4efe-a78f-f4416c1d63b0___Com.G_SpM_FL-8767.JPG,17
aeae9e3c-ec84-4fa5-8c52-ab488c6a81f7___Com.G_SpM_FL-8765.JPG,17
b2b733ea-7b64-459e-9275-c413d13d885c___Com.G_SpM_FL-1635.JPG,17
74bd9dda-a761-4cea-94d9-7b93190bd88d___Com.G_SpM_FL-1633.JPG,17
149e2f8c-8527-4d6b-b661-a2c1324b1fd0___Com.G_SpM_FL-1634.JPG,17
a6684ff9-cc11-49d4-a07a-14eb5a9b1264___Com.G_SpM_FL-1636.JPG,17
1b9607e3-1eec-4a0f-876b-f7923515b7e6___Com.G_SpM_FL-9288.JPG,17
64212dd5-5bcd-4abf-bc24-a1c13c81d60b___Com.G_SpM_FL-9290.JPG,17
d14dcbfe-aba8-4cba-ac88-652a4199ff6c___Com.G_SpM_FL-9289.JPG,17
9aa105ae-c442-46ae-9273-c3581807f130___Com.G_SpM_FL-9287.JPG,17
bfd8c104-37e9-4f32-b4d0-e6544b668155___Com.G_SpM_FL-9637.JPG,17
943b6e80-60ff-4c44-b8a4-c5591da9b8e9___Com.G_SpM_FL-9636.JPG,17
f88f405a-176b-479c-9028-913957456752___Com.G_SpM_FL-9638.JPG,17
8f46dd1e-a67f-4e94-87c2-8a405b9e3f49___Com.G_SpM_FL-9639.JPG,17
0fb21160-9113-4c5a-b1d4-7001b5253bb9___Com.G_SpM_FL-8790.JPG,17
b0e2eeab-15c8-487e-9757-450264b8ca0a___Com.G_SpM_FL-8788.JPG,17
af169c79-1e80-4022-a1e2-409e6a800fbd___Com.G_SpM_FL-8791.JPG,17
94451749-fc16-42bc-93f9-89f08e7e3a7d___Com.G_SpM_FL-8789.JPG,17
e6ffc869-ee06-4347-a039-11f4e4d585ce___Com.G_SpM_FL-8826.JPG,17
bcbe4259-2fbd-4cb2-b0cd-b1798b917b5c___Com.G_SpM_FL-8825.JPG,17
fb5551c8-d45c-4c92-8cd2-c389d4268c54___Com.G_SpM_FL-8827.JPG,17
3b5769b2-b497-47de-9992-bc328452b1ee___Com.G_SpM_FL-8824.JPG,17
62c5a856-8aca-4589-9e34-1076b7bd3ce5___Com.G_SpM_FL-1377.JPG,17
7baea566-35b4-4613-96aa-f0e865abbb33___Com.G_SpM_FL-1376.JPG,17
42e224e8-a4b3-456b-a0bb-b9bf99b14544___Com.G_SpM_FL-1375.JPG,17
01854aac-d409-4136-b885-3df6943cc349___Com.G_SpM_FL-1374.JPG,17
dbf88683-a2f9-4c53-b516-488494741788___Com.G_SpM_FL-9543.JPG,17
7d7cc470-cbf2-479b-ad90-4a1a6180bafd___Com.G_SpM_FL-9544.JPG,17
f69ce7ec-7ce3-4123-becf-efea9f9bfd48___Com.G_SpM_FL-9541.JPG,17
ef3fd109-228e-4e7b-8b22-277e41a79335___Com.G_SpM_FL-9542.JPG,17
cbae876b-3e8f-4fd7-9244-374a08b6d8de___Com.G_SpM_FL-8619.JPG,17
fe76e31b-383a-4c3d-a086-3dc951fc18f2___Com.G_SpM_FL-8617.JPG,17
eafccf05-17e8-4f79-8016-ddcf30e51589___Com.G_SpM_FL-8616.JPG,17
7bab59ec-2afa-4490-ba52-876dec478289___Com.G_SpM_FL-8618.JPG,17
95379b0d-f7b4-4f9c-8eb4-860556e2eabb___Com.G_SpM_FL-1621.JPG,17
3046afbf-4a9a-41fb-a64f-3f9e75af08e7___Com.G_SpM_FL-1623.JPG,17
d9d22025-cee6-4963-ac70-bfa8a7af30a2___Com.G_SpM_FL-1624.JPG,17
d962b1f4-8356-4c0b-ad76-da308c00a7b3___Com.G_SpM_FL-1622.JPG,17
a515cf30-960a-46ec-b19a-9d66894029d6___Com.G_SpM_FL-9519.JPG,17
7a8889b9-f108-4401-8c13-476f9a952161___Com.G_SpM_FL-9517.JPG,17
af792df7-cfe0-41cc-bb9c-54500e894222___Com.G_SpM_FL-9518.JPG,17
9948c2d2-66cb-4d93-9314-b87ccc259490___Com.G_SpM_FL-9520.JPG,17
44dce7b4-5da6-4f1f-8e5d-9e3e5df7b1af___Com.G_SpM_FL-1687.JPG,17
864c0d82-659a-40c7-b5f4-baa538db5766___Com.G_SpM_FL-1685.JPG,17
57c860fb-5102-433d-a7ec-09e540fb4866___Com.G_SpM_FL-1688.JPG,17
50b4552e-8ef9-447f-bec0-06bc30de86e3___Com.G_SpM_FL-1686.JPG,17
d36f91af-2f89-4834-b088-e0604cf9716b___Com.G_SpM_FL-1765.JPG,17
737e3c49-a2d9-46f4-8c40-bcc5bc7343d2___Com.G_SpM_FL-1767.JPG,17
23977dea-f6c3-4d90-b3bd-f6e55d41938f___Com.G_SpM_FL-1766.JPG,17
3331b5a5-229a-416e-9605-c279ec0cf414___Com.G_SpM_FL-1768.JPG,17
58d5cbab-162b-4091-8add-21a336398731___Com.G_SpM_FL-8933.JPG,17
52f9209f-48d2-4d2b-8c3a-fe03d217d581___Com.G_SpM_FL-8934.JPG,17
6196f47e-2051-40fa-b556-c800bcfb5ef2___Com.G_SpM_FL-8935.JPG,17
33e011de-c050-4433-a251-aedbbf3886a1___Com.G_SpM_FL-8932.JPG,17
63384c82-1527-482a-93e4-51841ad0506c___Com.G_SpM_FL-1373.JPG,17
a1dd03db-9622-4ef3-877d-278c89ada38c___Com.G_SpM_FL-1370.JPG,17
7a08fe90-da9a-41a0-99f0-5952625a83bb___Com.G_SpM_FL-1371.JPG,17
afeda664-8fb8-4b4e-a3c5-946993524a96___Com.G_SpM_FL-1372.JPG,17
70953427-6b99-4bce-9340-640c5316f52a___Com.G_SpM_FL-9589.JPG,17
f18824ce-b2f5-4320-8984-340fdc1416c9___Com.G_SpM_FL-9591.JPG,17
d4e977cb-3fb3-4c10-bdf7-5fd5dd76fcfa___Com.G_SpM_FL-9592.JPG,17
125b13a4-60c6-4334-bee9-a92114a7252d___Com.G_SpM_FL-9590.JPG,17
19ee147b-41b2-424b-b532-00ff31316109___Com.G_SpM_FL-1708.JPG,17
c01aec9e-5d62-456d-94da-d729dc6df038___Com.G_SpM_FL-1705.JPG,17
ccc6a4e4-72ae-4f73-bd37-372770ffc1b4___Com.G_SpM_FL-1707.JPG,17
37bf5166-693d-492b-b60e-4d76e3efca4c___Com.G_SpM_FL-1706.JPG,17
698e12a2-2a49-43aa-a47a-21420001e5ef___Com.G_SpM_FL-1356.JPG,17
b867a878-d563-40e1-a0f5-7037f4918842___Com.G_SpM_FL-1354.JPG,17
7ceeca31-a339-4961-a7a3-5562bfc2ad5b___Com.G_SpM_FL-1355.JPG,17
56db1492-8d5a-41fb-bb9f-fc5fcd8eb586___Com.G_SpM_FL-1357.JPG,17
72ea3559-17ea-4441-8188-bc561e66ff06___Com.G_SpM_FL-1400.JPG,17
07a04ca5-a3f3-43c7-b035-95eccd5ca39e___Com.G_SpM_FL-1401.JPG,17
b922a594-89b4-417f-ba52-b38eda920525___Com.G_SpM_FL-1398.JPG,17
e1cb3386-f090-4170-b8c1-d602d49583f8___Com.G_SpM_FL-1399.JPG,17
09dce947-bb58-46cc-bd33-5a5e75ee07f4___Com.G_SpM_FL-9019.JPG,17
3b241fdb-8655-46c0-ad66-4010bca7c6f5___Com.G_SpM_FL-9017.JPG,17
0bb186a0-f27a-41b1-b0d2-5cf82eb87251___Com.G_SpM_FL-9018.JPG,17
3359d10c-2afd-4734-8a71-d19d25a041a6___Com.G_SpM_FL-9016.JPG,17
d8a1b62d-7ea5-417c-aceb-b466f7822690___Com.G_SpM_FL-9487.JPG,17
629cdfbf-12bb-4f71-a0b5-3a6a7bdf634a___Com.G_SpM_FL-9488.JPG,17
4999cf5b-f352-4a35-bf69-be772073b916___Com.G_SpM_FL-9485.JPG,17
b9a0012e-660a-49f3-99ca-6df978160aea___Com.G_SpM_FL-9486.JPG,17
6b4d8881-2f22-4f92-b35f-d1686e9a3b81___Com.G_SpM_FL-1169.JPG,17
c7bb5d91-e90c-4ade-b142-19f2828cf3fb___Com.G_SpM_FL-1172.JPG,17
f83250d9-6b08-4a6c-b135-8d80cc4f258e___Com.G_SpM_FL-1170.JPG,17
a09c6216-2124-479f-83d0-099422dc6f13___Com.G_SpM_FL-1171.JPG,17
aaa06a44-93d3-4a3b-bfea-b3a6c0f3a229___Com.G_SpM_FL-1731.JPG,17
98ecbd58-5494-4e54-bd41-5e6a98863ffc___Com.G_SpM_FL-1730.JPG,17
0f75930a-4f0c-49db-b5d8-6e4987b868eb___Com.G_SpM_FL-1729.JPG,17
cba3da7a-cc84-46bc-9df6-e249660653a4___Com.G_SpM_FL-1732.JPG,17
15bb3ac6-73b8-4e56-b70b-1bf53fdc6dba___Com.G_SpM_FL-1568.JPG,17
434368e8-214e-4c1e-a1c1-aad66e7f069b___Com.G_SpM_FL-1570.JPG,17
e872312d-c093-4320-992a-410031e3fa58___Com.G_SpM_FL-1571.JPG,17
88edbc3c-7373-46fd-b08b-e99408ea58db___Com.G_SpM_FL-1569.JPG,17
0e74fa9e-a63f-46b3-a976-46510e7fdfba___Com.G_SpM_FL-8579.JPG,17
2150b3d6-e3fe-4a45-8355-107954d843c8___Com.G_SpM_FL-8578.JPG,17
c134878a-3e31-4aea-8e5d-216dce6ced23___Com.G_SpM_FL-8577.JPG,17
3737ae01-5cc2-4a6a-b373-b1fae745972d___Com.G_SpM_FL-8576.JPG,17
5a5bbff6-4eae-4bda-ad08-f781109979cb___Com.G_SpM_FL-1175.JPG,17
35b5d6a8-e3ef-4c39-86ce-25b4632e7cab___Com.G_SpM_FL-1176.JPG,17
ca35c94a-8397-46bc-96ee-7ec634cd8ea6___Com.G_SpM_FL-1173.JPG,17
d6621644-a8d8-412c-8b14-31f453247cfc___Com.G_SpM_FL-1174.JPG,17
932960b9-d5f1-4636-87dd-86620488c2b4___Com.G_SpM_FL-9587.JPG,17
4db4942d-464a-462e-ba03-306587f0275f___Com.G_SpM_FL-9585.JPG,17
7fc9f1bc-6fe9-4248-af53-22b41f756ca1___Com.G_SpM_FL-9586.JPG,17
9ebfbe4c-8615-4aa4-8288-3855e9555fb5___Com.G_SpM_FL-9588.JPG,17
a6ab82be-a59d-4288-aec5-194d8d796a31___Com.G_SpM_FL-9322.JPG,17
1bbcbd22-5959-4ae4-a044-85f81a1a02dd___Com.G_SpM_FL-9319.JPG,17
628a9d6d-982d-4424-9a7d-e8e0219818fe___Com.G_SpM_FL-9321.JPG,17
3428e1fb-bc76-4492-9416-5e5e53658e45___Com.G_SpM_FL-9320.JPG,17
b42de0fa-b2b5-45f1-b1cf-e4cab918cf5d___Com.G_SpM_FL-9385.JPG,17
73376b86-f114-44cb-9e4a-c08ad133208c___Com.G_SpM_FL-9386.JPG,17
f30a97b5-ab4e-430e-8abe-217aca9532ce___Com.G_SpM_FL-9384.JPG,17
7513d5a2-ba48-4e0a-9d45-a6a37b645431___Com.G_SpM_FL-9387.JPG,17
03882a7e-b80a-4c12-b4bb-5d03c88a8c4b___Com.G_SpM_FL-8730.JPG,17
5fc25157-2201-4a95-a8dc-3ea633ac3509___Com.G_SpM_FL-8729.JPG,17
81ba2ad9-db9d-452e-80bd-54aca04c7ca5___Com.G_SpM_FL-8731.JPG,17
67e4a4a4-f166-423d-a07b-a83cffec807a___Com.G_SpM_FL-8728.JPG,17
3b62abc2-b01e-4a47-bc67-fd677a3840fe___Com.G_SpM_FL-8787.JPG,17
b3915c2b-190f-4258-ade1-8cb3bfcb15af___Com.G_SpM_FL-8786.JPG,17
5ce665bf-79e1-4769-847b-4b8f996eb770___Com.G_SpM_FL-8785.JPG,17
fbac63f2-cfbc-4c5c-a623-e40b1314fc83___Com.G_SpM_FL-8784.JPG,17
1d34e045-0cee-4bea-bd14-3a60de7c255e___Com.G_SpM_FL-1312.JPG,17
5ba81aa5-31af-4494-8805-ab9d38716626___Com.G_SpM_FL-1309.JPG,17
a72e3d6b-3c1b-4e2f-83b3-26eef0e1c3f3___Com.G_SpM_FL-1311.JPG,17
4399fdd6-a30d-44c2-a79a-01c3e0e941c5___Com.G_SpM_FL-1310.JPG,17
06e43f45-f56b-4979-b4a3-10eafeaddf3e___Com.G_SpM_FL-9534.JPG,17
c98a5cd6-2b63-4896-ba56-6fae9336545e___Com.G_SpM_FL-9533.JPG,17
f8a3d768-d2e6-43f6-bf3d-6d32d8ba9412___Com.G_SpM_FL-9536.JPG,17
e1717b59-e445-4a57-b4c7-5c85772c90a4___Com.G_SpM_FL-9535.JPG,17
af73380e-7559-4abf-ad1f-704bc2e8a570___Com.G_SpM_FL-1472.JPG,17
5dead4dc-bc58-4470-9d86-3d5cb6be14b7___Com.G_SpM_FL-1471.JPG,17
fe0f2a68-c931-4db0-8ff8-9b6f73445e13___Com.G_SpM_FL-1473.JPG,17
9a10c05b-c5ac-4cbf-bc11-5682700f8c4e___Com.G_SpM_FL-1474.JPG,17
962e9338-94ae-48e6-97e1-966d55dcd108___Com.G_SpM_FL-8654.JPG,17
bca81576-c729-4649-bfe0-1b37d8bd314f___Com.G_SpM_FL-8655.JPG,17
45973ec2-c906-4cc3-8b38-59a4ae2fb381___Com.G_SpM_FL-8653.JPG,17
988ee8f8-285f-4b88-a37d-2876d964d07a___Com.G_SpM_FL-8652.JPG,17
fb798dfa-5365-4180-b4ce-e46ce5aa9de7___Com.G_SpM_FL-9034.JPG,17
5c701153-8a6c-4661-a943-a7467312552f___Com.G_SpM_FL-9033.JPG,17
ec9d26e5-50f0-4684-a90e-4a5eae635e6b___Com.G_SpM_FL-9032.JPG,17
f583df26-3eb8-431c-8171-ead493c7acfd___Com.G_SpM_FL-9035.JPG,17
f2de2fe3-4211-46c1-b8f3-47fe31eb40a7___Com.G_SpM_FL-1540.JPG,17
c1006cbe-6af0-4fa7-83c0-887af9c1085c___Com.G_SpM_FL-1542.JPG,17
f167642d-37c5-4f64-9daa-438cc30e7ec3___Com.G_SpM_FL-1543.JPG,17
4a3665bf-932d-4526-95a6-e491354df4ff___Com.G_SpM_FL-1541.JPG,17
68a2486d-c010-4a35-938a-1237ad28ad7a___Com.G_SpM_FL-8992.JPG,17
1513f896-fb53-4f0f-9b11-a31a01196221___Com.G_SpM_FL-8995.JPG,17
1b184d8e-69bf-4af8-bdb5-22f477d587c0___Com.G_SpM_FL-8993.JPG,17
221d4e4f-36f9-4dd8-8204-b2551aa1d96a___Com.G_SpM_FL-8994.JPG,17
a9614208-7dc8-46c3-98de-d0af5dcf3117___Com.G_SpM_FL-8910.JPG,17
012369f5-ca64-4811-888f-35d75f7f7c2b___Com.G_SpM_FL-8911.JPG,17
b8bc8c7e-5309-4018-be6b-3a3db6318cdb___Com.G_SpM_FL-8909.JPG,17
8fe70afe-0582-4cbd-9ab3-72ca00d9808a___Com.G_SpM_FL-8908.JPG,17
bd686fc4-6f2b-4139-b1c9-ef58ad3542c8___Com.G_SpM_FL-8438.JPG,17
88b7e7b3-a94a-449c-8a7b-ed96ec541690___Com.G_SpM_FL-8437.JPG,17
1425cd68-8978-4811-b591-5154974458d2___Com.G_SpM_FL-8435.JPG,17
c6226a88-30ef-4b8e-bc8a-f0859551b410___Com.G_SpM_FL-8436.JPG,17
f570a366-2bfa-4619-b22c-f872abcc6d81___Com.G_SpM_FL-8566.JPG,17
e0837534-7480-4ba7-8f04-34f232f76008___Com.G_SpM_FL-8565.JPG,17
9d4a3f6c-cb89-4f4b-ba38-fbcc73584b65___Com.G_SpM_FL-8564.JPG,17
983bfaa3-14b8-4834-b530-2ee5fbed07a4___Com.G_SpM_FL-8567.JPG,17
d83e3292-0be8-43b9-8215-4705a452a08a___Com.G_SpM_FL-1642.JPG,17
70ee5cf9-7a7a-4fb8-8ba7-62e4cda1ed45___Com.G_SpM_FL-1644.JPG,17
aede12d4-2bc7-499e-98e3-8babc4d50590___Com.G_SpM_FL-1641.JPG,17
c85315de-b375-45b4-87d0-cd4b239d2b42___Com.G_SpM_FL-1643.JPG,17
141ec6e2-9ff8-436c-9d18-9edb8b26d861___Com.G_SpM_FL-8644.JPG,17
8e9d2760-5d55-4ec6-9a38-43327038d2b2___Com.G_SpM_FL-8647.JPG,17
c6f23183-e089-4758-9f8a-a8f702e28336___Com.G_SpM_FL-8646.JPG,17
4ad85b66-43f0-476f-aee4-a320e793a42f___Com.G_SpM_FL-8645.JPG,17
e3e9e1e2-6ce3-40ce-b7ca-334dd6e01c85___Com.G_SpM_FL-1716.JPG,17
c9412922-5dd2-40c1-855a-921d83076c57___Com.G_SpM_FL-1713.JPG,17
bdd3d14d-1153-4bc0-9ccd-9e484a75c6a5___Com.G_SpM_FL-1715.JPG,17
4423cc33-fa85-4d37-bc9f-b0ee47e55607___Com.G_SpM_FL-1714.JPG,17
f9493a24-68a7-4c75-b943-0fe5b69405df___Com.G_SpM_FL-8648.JPG,17
82be04b8-6e17-4388-a60c-9d074a798174___Com.G_SpM_FL-8649.JPG,17
c20016fd-1168-4ed8-85ee-4ceca04c2b21___Com.G_SpM_FL-8651.JPG,17
085cdef7-8892-4873-a0e7-5715082762d0___Com.G_SpM_FL-8650.JPG,17
15cbb6e3-420d-464c-a2e0-12ffffb68cd2___Com.G_SpM_FL-9328.JPG,17
ac0382a1-02b3-4ac9-a15c-b530488fd92b___Com.G_SpM_FL-9330.JPG,17
05a76480-4ffe-476f-a101-fdadd8b3fbcf___Com.G_SpM_FL-9329.JPG,17
0a167675-0317-4105-b885-b707b6ea52cf___Com.G_SpM_FL-9327.JPG,17
00c8e9a0-1fb8-434b-8981-25511358ddc9___Com.G_SpM_FL-8717.JPG,17
3e8c5090-c278-4726-80db-a1d21e6c7e06___Com.G_SpM_FL-8719.JPG,17
47690528-03cd-4c8f-bd9d-22a87f9227b4___Com.G_SpM_FL-8718.JPG,17
bc38c469-2936-464a-a799-4251615e380e___Com.G_SpM_FL-8716.JPG,17
47bc86dc-bf8a-4d57-8093-376ead20ad7d___Com.G_SpM_FL-1272.JPG,17
d0f7fad4-404a-4587-8bfd-6e56c7baf85a___Com.G_SpM_FL-1270.JPG,17
6cd3ec63-53fd-419e-b0b8-f48197586d99___Com.G_SpM_FL-1269.JPG,17
f8505395-0291-442f-a735-f98b806f896e___Com.G_SpM_FL-1271.JPG,17
e4136455-c279-44f4-9996-c553e4f11245___Com.G_SpM_FL-8557.JPG,17
12bf81ae-5831-4823-b791-64c6f2372fd4___Com.G_SpM_FL-8558.JPG,17
25e772ed-0fc2-437d-b573-5edd92bf441e___Com.G_SpM_FL-8559.JPG,17
410683ba-d91f-4494-b19c-1a39f142e54b___Com.G_SpM_FL-8556.JPG,17
7fa60228-7a59-48fc-aee4-035fb71c403c___Com.G_SpM_FL-9458.JPG,17
527b81a0-f304-40ec-bfb3-987bbdde36b3___Com.G_SpM_FL-9459.JPG,17
d40c6c6f-396b-4032-ac0c-92d49b6ecea9___Com.G_SpM_FL-9457.JPG,17
e813ff58-97d7-4261-a796-e17ab814bc88___Com.G_SpM_FL-9460.JPG,17
9fb18019-23c3-482e-9cdf-a9520238cf29___Com.G_SpM_FL-9617.JPG,17
52082f00-79c2-4043-8af8-7cd8e10e7625___Com.G_SpM_FL-9615.JPG,17
77659538-6771-4e5d-95a5-be6c55c8f308___Com.G_SpM_FL-9614.JPG,17
c2da4a64-db25-4881-85ef-9b6885e00fb2___Com.G_SpM_FL-9616.JPG,17
bd2b7fcc-5ecf-4e54-b2c0-db8b3e29aae3___Com.G_SpM_FL-9357.JPG,17
f4f765b8-958b-4266-981e-2320454ac4ab___Com.G_SpM_FL-9356.JPG,17
70cb3962-8667-4b08-94b1-8f5bbb1f6e43___Com.G_SpM_FL-9358.JPG,17
2035804b-547e-473b-a510-7773a7ff2c58___Com.G_SpM_FL-9359.JPG,17
2cfa680e-a8f9-43b5-856d-cb8fe9607a73___Com.G_SpM_FL-9334.JPG,17
c96e4abf-404d-40ab-b105-827dde90c4a7___Com.G_SpM_FL-9331.JPG,17
b84d096b-8a89-4a6f-a76a-bead3e4abbef___Com.G_SpM_FL-9333.JPG,17
91d12160-d389-43de-a3f5-d885d049b81a___Com.G_SpM_FL-9332.JPG,17
36bc7e45-53e7-4f51-8135-731b80eaf80b___Com.G_SpM_FL-8918.JPG,17
a929e182-7b74-4144-90ca-4afa19bf5cd4___Com.G_SpM_FL-8916.JPG,17
0d835caf-0069-4fa5-a022-c8cc7763189c___Com.G_SpM_FL-8917.JPG,17
e136c0bb-0587-431b-b412-0abe8eea294a___Com.G_SpM_FL-8919.JPG,17
9feda02e-8d35-4d26-9639-95d41df32d8a___Com.G_SpM_FL-1684.JPG,17
5792673e-ed65-4ff0-b119-bfdf795251cb___Com.G_SpM_FL-1682.JPG,17
fb7d1c6e-6d3c-4f03-b8dd-9c51740ed23a___Com.G_SpM_FL-1681.JPG,17
9e4b3cc6-afd7-49a2-9609-ec1bbd92b92d___Com.G_SpM_FL-1683.JPG,17
23e37ceb-929f-43ad-86fb-7bb3b9b97820___Com.G_SpM_FL-9297.JPG,17
ae992747-4345-47c6-8499-3146eb18e4b1___Com.G_SpM_FL-9298.JPG,17
56c9cf66-9b9f-4da0-88b7-47fe8f633a84___Com.G_SpM_FL-9296.JPG,17
1030a8ae-d4f2-4a36-aac9-c5ca40e5ec03___Com.G_SpM_FL-9295.JPG,17
cdf3b1b8-c0dd-45dc-98dd-3a95be77e0a3___Com.G_SpM_FL-9538.JPG,17
bcca5917-17c5-4b38-ac89-233eec6a4ddb___Com.G_SpM_FL-9540.JPG,17
b743d419-9344-464f-94af-8a3135ee0a2f___Com.G_SpM_FL-9539.JPG,17
79a8cff2-90ac-4e47-ad56-014accc6e0e9___Com.G_SpM_FL-9537.JPG,17
5a1d60e3-82e6-468f-8d84-790842a54590___Com.G_SpM_FL-8692.JPG,17
6e1b52cd-29be-401b-b935-958bbca0f3fd___Com.G_SpM_FL-8694.JPG,17
dfb1508d-3c5b-420a-ac9c-919602530ef2___Com.G_SpM_FL-8695.JPG,17
ae815daa-4243-42c9-95a1-a9764cfd8565___Com.G_SpM_FL-8693.JPG,17
11ba6d63-4c6e-4a3f-acd9-18567bab6ab9___Com.G_SpM_FL-1728.JPG,17
e2563da7-2594-44f2-9d21-b505a1a5831b___Com.G_SpM_FL-1725.JPG,17
2e41d72c-c68b-44f1-8380-ece84ab98bfd___Com.G_SpM_FL-1727.JPG,17
0f1049cd-1fb5-4792-9b41-8544ee1c18a7___Com.G_SpM_FL-1726.JPG,17
9bba8874-aadd-4b80-8e5c-dea2e4b6457d___Com.G_SpM_FL-1517.JPG,17
df8b8483-a90f-4287-8d4f-251359950ced___Com.G_SpM_FL-1518.JPG,17
2f286777-f4b0-4b89-9d29-8942267199dd___Com.G_SpM_FL-1515.JPG,17
67a8503d-b717-4285-9dd5-f62381491526___Com.G_SpM_FL-1516.JPG,17
ecf28797-b8ea-4ea9-a665-72db94f13ba8___Com.G_SpM_FL-1678.JPG,17
3f3b3e8c-9b45-4f68-ae3c-a3b3a12f69a1___Com.G_SpM_FL-1679.JPG,17
9a435257-cda9-4204-9f67-cbebf7e4f0f4___Com.G_SpM_FL-1677.JPG,17
e421fcb0-be23-4ff8-a5f0-0ee7110160e5___Com.G_SpM_FL-1680.JPG,17
61425a6d-4f24-4306-b085-f91143e04be9___Com.G_SpM_FL-1385.JPG,17
8316fb24-c884-4dc0-a1d5-e84d2e8ac6eb___Com.G_SpM_FL-1383.JPG,17
a2dd9787-1855-44a0-8b16-50ace1be850d___Com.G_SpM_FL-1382.JPG,17
83d3d054-0ca6-41bd-9b65-ae5d27f9605d___Com.G_SpM_FL-1384.JPG,17
58444bc2-3da1-4ac2-9beb-d09234f64d4b___Com.G_SpM_FL-8704.JPG,17
5a5cd601-bff2-4815-88da-5f641928aa67___Com.G_SpM_FL-8706.JPG,17
27b8928e-4fd2-4e84-bdb9-670a431477e0___Com.G_SpM_FL-8707.JPG,17
71d1cf7e-ecc0-4401-b0b9-4e5f83b5d800___Com.G_SpM_FL-8705.JPG,17
9210af52-11b5-4c66-9772-876c52c2d3cc___Com.G_SpM_FL-1614.JPG,17
264feee4-5e1c-4bd4-94d8-7b27da8940d7___Com.G_SpM_FL-1613.JPG,17
bf493cf8-d509-4296-9f72-f43e9dadfafb___Com.G_SpM_FL-1616.JPG,17
97d91e39-2c36-44ee-b9a6-a8601153abca___Com.G_SpM_FL-1615.JPG,17
82e7ae32-dee2-4e83-aeb3-aab7a4bdf04f___Com.G_SpM_FL-9263.JPG,17
f6d125d8-795a-40ac-91d7-142f6cf023eb___Com.G_SpM_FL-9262.JPG,17
2e1daff5-2bc2-4c45-8563-7c6a7a929ddf___Com.G_SpM_FL-9261.JPG,17
b1cb2b7a-afaf-4876-8fc0-25e9dce591a8___Com.G_SpM_FL-9264.JPG,17
15b12baa-1e1f-4105-9c7a-6efd0bf0aa56___Com.G_SpM_FL-1701.JPG,17
ba369b28-d6f8-4c1f-a177-ff05ca0f9ac1___Com.G_SpM_FL-1704.JPG,17
6f1c964b-e83a-4569-b700-d79b98a5e64c___Com.G_SpM_FL-1703.JPG,17
7ee332d2-c589-4d11-8602-e96a622bc4d1___Com.G_SpM_FL-1702.JPG,17
00bc7858-1dca-4bfb-a828-225f03bd72a5___Com.G_SpM_FL-9455.JPG,17
7a08db2d-d61c-447b-b45d-b118351e88f5___Com.G_SpM_FL-9456.JPG,17
33e0bed5-9b9e-46ba-9f85-42f86d6f06eb___Com.G_SpM_FL-9453.JPG,17
34dc951d-39ac-4456-8424-884d0b115170___Com.G_SpM_FL-9454.JPG,17
3156e176-2697-4be0-8cc7-37ce05aade4b___Com.G_SpM_FL-1431.JPG,17
3aad576c-3189-4b78-a5df-c9bac0078612___Com.G_SpM_FL-1430.JPG,17
61fec4ad-9842-40b7-a521-8cad14281b1c___Com.G_SpM_FL-1433.JPG,17
913333d7-2858-4bb0-b3c1-65b33667e0db___Com.G_SpM_FL-1432.JPG,17
b2e2b453-ff77-4839-8ef2-5cf36c7d2348___Com.G_SpM_FL-1194.JPG,17
5c0e506b-b1cb-49a7-b764-b80b73d4244e___Com.G_SpM_FL-1196.JPG,17
5547afdb-5262-4215-b90c-82ff865aabb6___Com.G_SpM_FL-1195.JPG,17
03dc4d71-45b6-4845-9f66-3b7aae5375e1___Com.G_SpM_FL-1193.JPG,17
fd5d5849-18dc-4850-8432-10fa95e9cf33___Com.G_SpM_FL-8417.JPG,17
450cb7b3-5489-4fe1-8897-491d70e9d1a4___Com.G_SpM_FL-8415.JPG,17
bc948d02-7e65-4075-b2bc-cb0c29ebe90e___Com.G_SpM_FL-8416.JPG,17
c89a6ab4-59ab-4267-921d-cc39cb65af36___Com.G_SpM_FL-8418.JPG,17
cf840e2d-8847-44e4-9589-540aefa69895___Com.G_SpM_FL-8544.JPG,17
2af7c6b3-d37c-4f2f-9129-ea679437740c___Com.G_SpM_FL-8545.JPG,17
f6a5fe20-bcc4-4c55-aaab-81415a7f7697___Com.G_SpM_FL-8546.JPG,17
f5eec0e2-699a-484e-91dd-c91f6c03a2c5___Com.G_SpM_FL-8547.JPG,17
bb1743d4-c84b-4945-93cf-705eead70b21___Com.G_SpM_FL-8491.JPG,17
ea1958cc-ff91-4651-966b-e85e4c7c7abe___Com.G_SpM_FL-8488.JPG,17
47f32cb8-f809-408c-b6cb-2e9494e244a2___Com.G_SpM_FL-8490.JPG,17
0ad80523-3f34-41ae-aec8-e676546ddde5___Com.G_SpM_FL-8489.JPG,17
8b68b534-a29f-4b0d-b5b4-c398a5635f0a___Com.G_SpM_FL-8773.JPG,17
8e9fba34-95ee-409b-b12b-004b23d9b4d0___Com.G_SpM_FL-8775.JPG,17
692c61b0-262f-4970-9ed1-08441b754ebb___Com.G_SpM_FL-8774.JPG,17
c7da5378-82bb-45ef-9b9c-2c64c4130cf6___Com.G_SpM_FL-8772.JPG,17
2960d2b0-5db9-4112-89f6-c7c0d2f01b97___Com.G_SpM_FL-8806.JPG,17
d227dad9-205e-4dc9-8949-bc40113d4f21___Com.G_SpM_FL-8805.JPG,17
217c69cd-121a-4993-8537-904fa4de4d55___Com.G_SpM_FL-8807.JPG,17
d64bb364-65c3-401d-b9b9-56fad8fbfdd8___Com.G_SpM_FL-8804.JPG,17
61d5d387-804b-4257-99fe-07d32a205f14___Com.G_SpM_FL-9554.JPG,17
bb0f729a-0e44-41fd-b696-6c4219bbdf04___Com.G_SpM_FL-9553.JPG,17
d60456fc-4596-45b6-97bf-ea1c5855297e___Com.G_SpM_FL-9555.JPG,17
61563795-d070-46c1-99ad-2ed3cde171f7___Com.G_SpM_FL-9556.JPG,17
6a62f7da-c954-45df-b6c0-a679787750fa___Com.G_SpM_FL-1139.JPG,17
0b437fa8-c1c8-45f4-b608-bdc6f7e09f84___Com.G_SpM_FL-1137.JPG,17
d1701437-5060-44d3-9feb-1436cdb28200___Com.G_SpM_FL-1140.JPG,17
ecdbc53e-17ad-4807-9f8d-c548de7e5cfb___Com.G_SpM_FL-1138.JPG,17
2191359a-e985-4bf9-abe2-8f4e00685701___Com.G_SpM_FL-9645.JPG,17
0211efc9-5409-43a7-a46b-a87d46f23fc3___Com.G_SpM_FL-9646.JPG,17
2323078c-6ad7-4135-8310-e4bc33be299d___Com.G_SpM_FL-9647.JPG,17
cea4dd89-8d2b-4910-a037-3c6a8d3def20___Com.G_SpM_FL-9644.JPG,17
0ade19e4-c48b-4e58-bddf-153d44d48c3e___Com.G_SpM_FL-9449.JPG,17
95a0fffa-e8f5-4250-b3ff-a6c57a6a424f___Com.G_SpM_FL-9451.JPG,17
46906f6d-1795-4690-a1cc-01b1554d97ca___Com.G_SpM_FL-9452.JPG,17
e8fdb2d7-cb99-493b-9b2f-2b3e62ae06f1___Com.G_SpM_FL-9450.JPG,17
b0e1f3da-198d-4dea-b986-aa7072909523___Com.G_SpM_FL-9361.JPG,17
9d97d667-2bd1-4e96-a237-620f42c9034b___Com.G_SpM_FL-9360.JPG,17
e3154893-0c83-43c8-87ae-18aa09342d51___Com.G_SpM_FL-9362.JPG,17
c92e4745-f8f2-4be3-a3cd-42a8bf94ef37___Com.G_SpM_FL-9363.JPG,17
28e17f4d-3d61-4a61-9be7-71aafd78864b___Com.G_SpM_FL-9312.JPG,17
448ddf37-5f6a-4197-8e41-94a956001532___Com.G_SpM_FL-9313.JPG,17
cb66e6dd-27dd-41d7-bf66-995899694885___Com.G_SpM_FL-9314.JPG,17
7cac5136-6213-4773-9803-4538751b8d54___Com.G_SpM_FL-9311.JPG,17
72cf5a17-b827-4b73-aa6d-de3eae7584c3___Com.G_SpM_FL-8672.JPG,17
1948cb2f-39fc-44f4-ab8c-00aa77fbe07f___Com.G_SpM_FL-8674.JPG,17
7882be15-0121-4f7a-81e4-dc6b04ac6f1e___Com.G_SpM_FL-8673.JPG,17
d222c176-f267-4c87-ba98-81ebc37f53b1___Com.G_SpM_FL-8675.JPG,17
d2223d7d-d833-466f-9bda-c8c762cae44b___Com.G_SpM_FL-9031.JPG,17
8745069c-b83d-4672-8f04-03d33e276cd7___Com.G_SpM_FL-9028.JPG,17
be0cdee7-8e91-466d-818f-5d7e33cdfd9e___Com.G_SpM_FL-9029.JPG,17
5d41d1f6-6e1c-401c-9ac3-d81683ea1191___Com.G_SpM_FL-9030.JPG,17
a641c588-7ab4-4a6c-8547-c0ae01ff944b___Com.G_SpM_FL-8502.JPG,17
92984828-1f93-49c5-89d4-039c434c5737___Com.G_SpM_FL-8500.JPG,17
e3540464-df30-4477-8bf6-66501f270508___Com.G_SpM_FL-8501.JPG,17
ea4ee443-4595-404c-818a-9a52e43577db___Com.G_SpM_FL-8503.JPG,17
d7621b7d-0d8c-4208-a796-049b3ef7a92b___Com.G_SpM_FL-1363.JPG,17
fd4f7201-2f81-4650-8681-dd56406417af___Com.G_SpM_FL-1364.JPG,17
77b6e3f2-05f2-4fb7-9263-a30d5ddce78f___Com.G_SpM_FL-1362.JPG,17
d6f59cb7-f433-4a67-ba8a-44379a2f889f___Com.G_SpM_FL-1365.JPG,17
476d4d77-4963-4400-b39a-6d829bf6ca3c___Com.G_SpM_FL-1550.JPG,17
16826b8c-034f-4db2-bd96-db82b5b26c67___Com.G_SpM_FL-1551.JPG,17
c71a53bd-045e-48a2-a7a3-2032688619af___Com.G_SpM_FL-1549.JPG,17
3ed8e245-778d-4003-8f4f-1be77c97978c___Com.G_SpM_FL-1548.JPG,17
aec9b074-2141-447e-ab09-2805a2a38737___Com.G_SpM_FL-8609.JPG,17
fc6bc29e-ac80-4326-b8aa-94dbcdd1f086___Com.G_SpM_FL-8610.JPG,17
4e567e3a-d2fe-4eb2-be86-daa1e4a95052___Com.G_SpM_FL-8608.JPG,17
3237c6fb-59b2-404a-8cbc-81f5e61304d0___Com.G_SpM_FL-8611.JPG,17
0c2e84df-4d41-46f6-9cf9-05aea349ce18___Com.G_SpM_FL-1142.JPG,17
b6c84c96-c05b-426a-8b3e-f55338ece18e___Com.G_SpM_FL-1143.JPG,17
e7bb19cf-14e4-4519-9113-0588195b1275___Com.G_SpM_FL-1141.JPG,17
a3730723-fc8b-4576-b031-e584e270d775___Com.G_SpM_FL-1144.JPG,17
84838a39-2c68-42ed-a423-04e4398460b6___Com.G_SpM_FL-1781.JPG,17
a2169123-c972-4ac8-8475-8550c681c80d___Com.G_SpM_FL-1782.JPG,17
0b5cda10-da2f-4647-b159-69647b42212f___Com.G_SpM_FL-1784.JPG,17
4105c8ab-c7c7-4e13-93c9-80339f36f536___Com.G_SpM_FL-1783.JPG,17
a528e3eb-903e-42d6-8bd8-75157b2da5d8___Com.G_SpM_FL-9011.JPG,17
7b6c80e6-15fe-47ed-978a-087ab7b49bb0___Com.G_SpM_FL-9009.JPG,17
b86c1e33-522c-44b2-a052-a0660a3ce557___Com.G_SpM_FL-9008.JPG,17
dc864cad-1326-46e6-a670-2a3949948d95___Com.G_SpM_FL-9010.JPG,17
87bfaf7d-a4ab-4303-915f-c1dc41663415___Com.G_SpM_FL-8480.JPG,17
f34c4c14-fa28-4761-aeb3-7d00fa139bef___Com.G_SpM_FL-8481.JPG,17
8f4b78fa-aae1-493b-b132-6b00f03a32fe___Com.G_SpM_FL-8482.JPG,17
4d794f1e-199b-4689-bade-d6dca0160883___Com.G_SpM_FL-8483.JPG,17
473578ed-99da-4f7f-9eff-25b067e6c761___Com.G_SpM_FL-1545.JPG,17
88ce9b84-50b8-4ffa-8628-1d5fe9e9a94e___Com.G_SpM_FL-1547.JPG,17
9d742c04-bb79-470d-b924-2dce2506d055___Com.G_SpM_FL-1546.JPG,17
19cc2f74-637b-40be-9b94-615c0e0316c3___Com.G_SpM_FL-1544.JPG,17
b7fb98ad-68d6-46b9-9f17-9d3f111b20fb___Com.G_SpM_FL-1676.JPG,17
efdab5e4-a0bc-4af3-9179-2afd3b72e82a___Com.G_SpM_FL-1674.JPG,17
75071acd-8658-45ff-9688-ab8a22bfad10___Com.G_SpM_FL-1675.JPG,17
29919d99-e33e-43f0-b313-73eef0221636___Com.G_SpM_FL-1673.JPG,17
639eff16-558f-469d-95c3-9c526fc4f62a___Com.G_SpM_FL-1429.JPG,17
7947ab60-0ec9-4e57-a8bd-32ba4ddaa8f7___Com.G_SpM_FL-1426.JPG,17
185427fc-b158-483e-8bbf-3579fc49c8dc___Com.G_SpM_FL-1428.JPG,17
f12f4153-59e2-4e95-9ff2-fa3b7542ab2e___Com.G_SpM_FL-1427.JPG,17
55d5e031-a28d-4f65-876d-79c39a3cb153___Com.G_SpM_FL-1209.JPG,17
68399b92-e31b-47d1-a0c0-00bb1cd1d586___Com.G_SpM_FL-1212.JPG,17
daa3aaa8-41a1-4b46-9b3e-3363ac2fb737___Com.G_SpM_FL-1210.JPG,17
13d29393-08c1-4e17-ba66-b31e4f9c970e___Com.G_SpM_FL-1211.JPG,17
1ea67ad6-cd45-45f3-a5a0-30474042f0fc___Com.G_SpM_FL-9389.JPG,17
ef6e3d9d-502b-46c1-9f21-c32b54d2cb7a___Com.G_SpM_FL-9391.JPG,17
6af48596-04c6-4c72-9c6b-665ae0ca9781___Com.G_SpM_FL-9388.JPG,17
edfb0fe5-a10c-469d-9346-802e68dfcd58___Com.G_SpM_FL-9390.JPG,17
f2eb1f1a-3973-4ebf-8392-19d12f0ab759___Com.G_SpM_FL-8740.JPG,17
bf965ea5-ef95-4a5d-b9aa-dbf80bdec1a0___Com.G_SpM_FL-8742.JPG,17
fbabfa17-0b7e-4c83-bb10-ebcf80515ce7___Com.G_SpM_FL-8741.JPG,17
cfc8ff1c-5abb-41ef-adf9-c7b1a20d5e67___Com.G_SpM_FL-8743.JPG,17
d2184d36-c149-4bab-bc07-66c9afce4567___Com.G_SpM_FL-9507.JPG,17
1c4723cd-8ef6-483d-ae4e-8a3112fd9766___Com.G_SpM_FL-9506.JPG,17
a5bdf9e4-dd03-4328-a0fd-5e269f0929ed___Com.G_SpM_FL-9508.JPG,17
c74d0a3b-24f8-41a1-9235-3841f19dc358___Com.G_SpM_FL-9505.JPG,17
c8a729fb-fd3d-44b1-8a70-c492cfc6d09f___Com.G_SpM_FL-1158.JPG,17
128451c9-2ad2-44b3-8188-82ee11bcb6d5___Com.G_SpM_FL-1157.JPG,17
6bcf086c-abf3-48d3-8fd1-611c5f60183d___Com.G_SpM_FL-1160.JPG,17
0e0d9560-41ee-45cf-8bea-8cddfdc04979___Com.G_SpM_FL-1159.JPG,17
0eee4e0a-7952-4973-96c9-2c441f864752___Com.G_SpM_FL-8802.JPG,17
cbe7150c-300c-4dd1-baae-8e4f1f51d242___Com.G_SpM_FL-8801.JPG,17
5d765559-4d4d-4afd-8b17-73abc109cb13___Com.G_SpM_FL-8800.JPG,17
1d7350c2-9ca5-42c8-89bd-6c6f94dd6459___Com.G_SpM_FL-8803.JPG,17
3c0df0a9-32f7-4f30-9b50-09aac666701e___Com.G_SpM_FL-8422.JPG,17
931bb6c8-e235-440e-978c-7fed1d57926e___Com.G_SpM_FL-8421.JPG,17
3960b465-88b7-4198-97dd-42eaac16065f___Com.G_SpM_FL-8419.JPG,17
e1b32a63-c580-47e4-a2e9-d08d32923d9d___Com.G_SpM_FL-8420.JPG,17
b0d67356-4a29-4265-b549-3dc32c654c27___Com.G_SpM_FL-9365.JPG,17
2fb77f60-ae5b-40c4-b6fb-3c90ac55ccd4___Com.G_SpM_FL-9367.JPG,17
4da271e5-a4db-458a-b09c-caa83f8c6eb9___Com.G_SpM_FL-9364.JPG,17
fc135130-76fe-4249-a36f-8aa02129c7c7___Com.G_SpM_FL-9366.JPG,17
6875b9cf-a558-4b8f-9c85-bef8825c2a7a___Com.G_SpM_FL-1234.JPG,17
4924c274-46b7-4ee6-8464-3274c179c9ba___Com.G_SpM_FL-1235.JPG,17
bf2d639c-f2a2-429a-9f37-61aaa399f773___Com.G_SpM_FL-1236.JPG,17
8a7c99f2-32eb-4599-9160-c7541fe82b40___Com.G_SpM_FL-1233.JPG,17
41f98f75-b866-4393-8b0b-f72c008fe250___Com.G_SpM_FL-8468.JPG,17
9ff87248-eb27-4f0c-93b9-87eb7a86c32c___Com.G_SpM_FL-8471.JPG,17
e413f08a-f5dd-454a-b059-b81bb35c8509___Com.G_SpM_FL-8470.JPG,17
d4e45af9-ab53-4ed4-a534-ad10c11fb7c6___Com.G_SpM_FL-8469.JPG,17
35d2a711-e171-495c-b030-369f556b6db5___Com.G_SpM_FL-1450.JPG,17
00fa99e8-2605-4d72-be69-98277587d84b___Com.G_SpM_FL-1453.JPG,17
1d7a6c32-da22-42a0-8dca-85b758836bc6___Com.G_SpM_FL-1452.JPG,17
9e0c8ec8-f525-444d-8657-32b668771b2f___Com.G_SpM_FL-1451.JPG,17
ece69769-eef6-41b8-9dd3-637ca99044ef___Com.G_SpM_FL-1224.JPG,17
42aab48c-ad58-42b6-adaa-2dc72364288a___Com.G_SpM_FL-1222.JPG,17
174d0b38-319e-465d-bdaa-4e32693d0e91___Com.G_SpM_FL-1221.JPG,17
3cf4bee8-cd23-461c-b1c4-1d857b37ad76___Com.G_SpM_FL-1223.JPG,17
32cf04f5-dd0f-4c8b-9b92-f7b9b44b347e___Com.G_SpM_FL-8738.JPG,17
dcfe0418-3991-4d0d-9722-dd14eb59f20e___Com.G_SpM_FL-8737.JPG,17
5b9ca8f7-fe90-49f6-934e-b27c980065f3___Com.G_SpM_FL-8736.JPG,17
fe7f0ec0-35b0-49b0-836e-1fa902ee7723___Com.G_SpM_FL-8739.JPG,17
fe791e06-a48b-4967-99e9-083d18d0d91c___Com.G_SpM_FL-8761.JPG,17
8a8d7913-3fcc-4b7c-834f-a27f74139896___Com.G_SpM_FL-8760.JPG,17
c045a7cf-d267-4a35-ba73-4441c220072f___Com.G_SpM_FL-8762.JPG,17
e04a7859-4644-4d86-93de-d595431f1677___Com.G_SpM_FL-8763.JPG,17
f600d9c2-090a-4711-a3ac-8d48a709173d___Com.G_SpM_FL-1774.JPG,17
9a99ec55-8f08-425c-b3c5-e0d0b6636ef5___Com.G_SpM_FL-1776.JPG,17
23e686ff-5f19-4bda-a1f5-b66aa15b48ad___Com.G_SpM_FL-1773.JPG,17
0a7714a4-530b-49e0-821f-be8d33c588ac___Com.G_SpM_FL-1775.JPG,17
7ed044d9-b8c3-4bec-a09d-3c256c0659bf___Com.G_SpM_FL-9491.JPG,17
8fac3575-078a-4089-9b93-11003b2cf0e5___Com.G_SpM_FL-9490.JPG,17
f8450125-610c-4bb2-a6e5-0772951312ca___Com.G_SpM_FL-9489.JPG,17
312bee2d-2595-4d86-992f-cca44dbaad4a___Com.G_SpM_FL-9492.JPG,17
8979cbcd-62c9-4891-a428-f01bd2d177fa___Com.G_SpM_FL-9259.JPG,17
ac5ba358-529e-41f3-a289-b85be6ae405f___Com.G_SpM_FL-9258.JPG,17
771c1ccc-fa2f-436c-bf70-bd474f49bbc1___Com.G_SpM_FL-9257.JPG,17
e5d51758-c8ac-4e80-8770-b94c12502011___Com.G_SpM_FL-9260.JPG,17
e0a5a6b3-85f0-4d3c-89f6-b3680f8e7378___Com.G_SpM_FL-8561.JPG,17
55b18d73-1233-4dc9-891a-a74a2995497b___Com.G_SpM_FL-8560.JPG,17
2482ef02-b513-41ee-95df-81ae24ef55dd___Com.G_SpM_FL-8562.JPG,17
b5c3bebf-69d4-4ca3-9849-72237505c184___Com.G_SpM_FL-8563.JPG,17
27074def-852f-45c0-8a45-006f8f7108c3___Com.G_SpM_FL-9633.JPG,17
674cafe0-472c-4ae9-85e6-f1a750677837___Com.G_SpM_FL-9632.JPG,17
2a686a22-3384-43b6-a0e1-4b176ebde206___Com.G_SpM_FL-9635.JPG,17
a1b54d81-e157-4617-9d9e-c3335c7c7efd___Com.G_SpM_FL-9634.JPG,17
0af13d73-170d-4b37-bddf-51a14e597905___Com.G_SpM_FL-1438.JPG,17
3d56ef50-1028-4b69-b04c-e1800cc740aa___Com.G_SpM_FL-1440.JPG,17
5bad9c7d-db56-488a-9f62-6fe285b511a3___Com.G_SpM_FL-1439.JPG,17
4edd3dc5-09c7-465b-8596-03b6cd8ffa78___Com.G_SpM_FL-1441.JPG,17
900402d8-2d24-4d8b-b7b2-556bf2124e1b___Com.G_SpM_FL-9437.JPG,17
4daec425-746f-4816-8bd2-dec04d3292ad___Com.G_SpM_FL-9438.JPG,17
81b7c9e5-7041-4b93-b369-236093916a13___Com.G_SpM_FL-9440.JPG,17
88a0a43e-d370-483a-926c-a9001af2b3f8___Com.G_SpM_FL-9439.JPG,17
7574028f-6e71-4038-af96-0439e7bc4b13___Com.G_SpM_FL-8605.JPG,17
bf36d28e-7feb-460c-a26d-75619b819157___Com.G_SpM_FL-8604.JPG,17
f326f897-97c5-40fe-a4a5-54569877eb46___Com.G_SpM_FL-8606.JPG,17
d50b9da6-eb7a-4552-aea7-d74b6da2e071___Com.G_SpM_FL-8607.JPG,17
8a77734b-9b2f-44d7-a7cb-2f32b15bd9fe___Com.G_SpM_FL-8861.JPG,17
e3ab55a1-6705-4955-af54-daed3a6faa4b___Com.G_SpM_FL-8860.JPG,17
dc53d14b-3879-4eef-ac93-11fa6ab8287b___Com.G_SpM_FL-8863.JPG,17
43eadcce-984f-454c-97b9-7f26ab6d0548___Com.G_SpM_FL-8862.JPG,17
87457821-e967-41c9-bda0-4e375fdeaa59___Com.G_SpM_FL-1609.JPG,17
f640c64b-1ab5-4c75-8b30-0d05834ad11b___Com.G_SpM_FL-1610.JPG,17
317f11f9-657f-43f7-943e-efb03cc62b40___Com.G_SpM_FL-1608.JPG,17
d55db937-a4ad-4a47-b15e-831437e51a17___Com.G_SpM_FL-1611.JPG,17
c4818d08-af45-4d23-a12e-2b84b09b5dbb___Com.G_SpM_FL-1337.JPG,17
aea2ebb0-d066-451a-8f0c-efb78efb1028___Com.G_SpM_FL-1335.JPG,17
d626d9d0-24e6-4a85-a13d-6c40f9895e23___Com.G_SpM_FL-1334.JPG,17
9b9ce9b1-bf89-4c91-af81-11b706cc3894___Com.G_SpM_FL-1336.JPG,17
71c23873-073d-4ab2-a608-edaff9d2cda1___Com.G_SpM_FL-9499.JPG,17
673bfa4d-54b5-4fee-86d3-1ada11adca40___Com.G_SpM_FL-9498.JPG,17
68ccf56d-4bd7-4538-ae95-9915fe8d5886___Com.G_SpM_FL-9500.JPG,17
6bbc0d44-dffc-49fe-873e-9dae229ce2e4___Com.G_SpM_FL-9497.JPG,17
fdff01c6-993c-46d0-8310-7832991220ac___Com.G_SpM_FL-1381.JPG,17
76f1127e-8d3c-49d9-a2ae-42345be1ef88___Com.G_SpM_FL-1380.JPG,17
c0fec09d-d9d3-4942-866d-c311fae73056___Com.G_SpM_FL-1379.JPG,17
0db2da38-8650-461a-a785-814cc442f44d___Com.G_SpM_FL-1378.JPG,17
28bf7171-b342-4e85-95f9-bef10104b93e___Com.G_SpM_FL-1652.JPG,17
baf28c1c-ff4a-4245-842f-dafdb5c43826___Com.G_SpM_FL-1650.JPG,17
de70ab7d-d4fc-48c1-8fbb-fbb4f0d75c63___Com.G_SpM_FL-1651.JPG,17
2aa0254f-e3c8-400f-bb0c-c039f19f4aa5___Com.G_SpM_FL-1649.JPG,17
c614b0c3-79eb-4818-ae01-336c79a27780___Com.G_SpM_FL-1618.JPG,17
e2aa2f14-9b4e-4b25-aa44-797be70717f4___Com.G_SpM_FL-1620.JPG,17
e6cfc638-fdee-4471-a0ce-994a33447558___Com.G_SpM_FL-1617.JPG,17
4aba5f7f-3081-4dbe-9009-f70d962622fa___Com.G_SpM_FL-1619.JPG,17
39528564-9273-41d9-96d4-2170096eb649___Com.G_SpM_FL-8756.JPG,17
b510ecb5-48ec-4a3d-ac9d-7b19400542fd___Com.G_SpM_FL-8758.JPG,17
e1b3535e-675c-4021-a14f-75da349d6127___Com.G_SpM_FL-8757.JPG,17
12d44209-1468-475a-abc1-26aed11f2ab5___Com.G_SpM_FL-8759.JPG,17
878ca009-c79a-4449-b280-c9a48b8c2322___Com.G_SpM_FL-1502.JPG,17
bf88f51a-48da-4e77-9d9f-55f1641d210e___Com.G_SpM_FL-1500.JPG,17
e8c55c07-a9fe-4fcb-8e45-846cfe14eb59___Com.G_SpM_FL-1501.JPG,17
da2a8789-59f0-4720-9dad-f7971e746e7f___Com.G_SpM_FL-1499.JPG,17
340c0ead-05e3-4900-94c3-56bcba8293e6___Com.G_SpM_FL-9425.JPG,17
4b945a1f-7fed-4ca6-8a8c-5a08f4235fe7___Com.G_SpM_FL-9428.JPG,17
06c29099-98e3-46ae-88f9-7160c74dafea___Com.G_SpM_FL-9427.JPG,17
5f8b820c-70d5-42b9-8844-a1b3dc4aecd1___Com.G_SpM_FL-9426.JPG,17
7167844e-1c41-4b6b-a6df-54729cc646bf___Com.G_SpM_FL-9317.JPG,17
4fb875a3-1dd9-4694-92b9-92cd77af7ed9___Com.G_SpM_FL-9318.JPG,17
7f2fae79-4301-4354-89b6-4102b5b84312___Com.G_SpM_FL-9315.JPG,17
3eb2dbc2-ea12-40b3-9d38-11d5bfa97af1___Com.G_SpM_FL-9316.JPG,17
8730db8a-22e9-4929-8e92-c270418bc915___Com.G_SpM_FL-9000.JPG,17
4012a51b-bc29-4044-9389-41c4c1cd39f6___Com.G_SpM_FL-9002.JPG,17
dd65aea5-06e3-4e06-b3e0-3466c629c389___Com.G_SpM_FL-9001.JPG,17
eaa10d61-de43-4eb3-9008-07d2d436005d___Com.G_SpM_FL-9003.JPG,17
4681fec1-5bd9-49a5-975a-ca48bc826c22___Com.G_SpM_FL-1238.JPG,17
e1170356-0933-423b-a247-fa0da8b52cea___Com.G_SpM_FL-1239.JPG,17
487fcd80-d74a-4e29-8959-7c02de6c5846___Com.G_SpM_FL-1240.JPG,17
86a362ff-4394-411f-a0a5-5c4d87b92a64___Com.G_SpM_FL-1237.JPG,17
b4411087-6724-4eed-a40b-dc5187727d16___Com.G_SpM_FL-1606.JPG,17
b6021a77-4136-43e0-a890-f3a5fa0bba42___Com.G_SpM_FL-1607.JPG,17
82fbc047-1d50-4da4-9e1a-befe7ebfc42e___Com.G_SpM_FL-1604.JPG,17
c2d3dfa9-c918-4576-8965-e3895461a012___Com.G_SpM_FL-1605.JPG,17
d58b9f9a-d62c-44c4-8a76-dba4ccc7fca8___Com.G_SpM_FL-9562.JPG,17
3bf7ca2f-8ba9-4ec1-82a4-8e8b45bc7449___Com.G_SpM_FL-9564.JPG,17
ecdbba83-d2f4-42ea-a6bb-bfff274c74f3___Com.G_SpM_FL-9561.JPG,17
1beb7ab1-cb7c-4a42-a5d7-16a643c81100___Com.G_SpM_FL-9563.JPG,17
3203380e-f2a7-4111-8e27-3e935bc63a31___Com.G_SpM_FL-8593.JPG,17
d7ec2060-8c68-4b79-af37-c13bc51f9226___Com.G_SpM_FL-8595.JPG,17
b9323ad5-caaf-4c56-8cd8-1a638c11f79d___Com.G_SpM_FL-8594.JPG,17
529646d8-5a02-4db8-b693-dd8232dd189f___Com.G_SpM_FL-8592.JPG,17
92ea86a5-eefd-480b-a00a-b4b791659e6f___Com.G_SpM_FL-9341.JPG,17
16ce6128-f485-4bbf-9cf5-8cab2e872dbe___Com.G_SpM_FL-9342.JPG,17
20f78207-e650-4e62-8648-f660f5f1eea9___Com.G_SpM_FL-9340.JPG,17
4e381fc2-c150-4199-a8e7-379815b24e35___Com.G_SpM_FL-9339.JPG,17
b42a5feb-c92e-4631-b077-72839cb86134___Com.G_SpM_FL-8710.JPG,17
b6e18e9c-dd2a-4dc6-a3e7-59de6138c6ce___Com.G_SpM_FL-8711.JPG,17
c095a7b6-3359-4458-9805-ecf15870f375___Com.G_SpM_FL-8709.JPG,17
cd0122a3-9aa1-4214-8b76-df498d6aacc5___Com.G_SpM_FL-8708.JPG,17
ab555ffb-819e-40fa-b21c-d5a6bde16100___Com.G_SpM_FL-9609.JPG,17
b44d8397-623a-4755-96d9-5e680df9a983___Com.G_SpM_FL-9607.JPG,17
7f32903b-0b65-4e0c-9d7d-7b5b80197097___Com.G_SpM_FL-9606.JPG,17
1ff30221-d082-4dd3-ab7b-0028ecf897db___Com.G_SpM_FL-9608.JPG,17
bdc998dc-38ff-44e3-bd1d-1e5a702ac37a___Com.G_SpM_FL-1503.JPG,17
ddee4e2d-6500-4bb7-baa8-e938dae78751___Com.G_SpM_FL-1504.JPG,17
fa05ccd2-725d-4664-aaca-1c8b69d73b10___Com.G_SpM_FL-1505.JPG,17
324bf28d-7005-4845-9931-012f2a972b37___Com.G_SpM_FL-1506.JPG,17
9c82d063-388e-4747-bdd5-c369b1b80972___Com.G_SpM_FL-9648.JPG,17
4d6d5c99-09de-4dea-a9af-802ce6a095b8___Com.G_SpM_FL-9649.JPG,17
2ac9a09c-b68a-4dba-a5c9-ae740fc9b8d4___Com.G_SpM_FL-9651.JPG,17
14c0db1b-b549-4b15-82ae-9f88fe857365___Com.G_SpM_FL-9650.JPG,17
7b6ac571-2d37-4614-803c-d00221d10c16___Com.G_SpM_FL-1467.JPG,17
e9d4d420-33ec-4321-ae6b-503efa353e69___Com.G_SpM_FL-1470.JPG,17
63a325a3-94b4-401a-aba8-e902914a6477___Com.G_SpM_FL-1468.JPG,17
e2a70af2-7316-4377-99a2-47c2d3f7901e___Com.G_SpM_FL-1469.JPG,17
1e09bb35-ef0d-4efb-b3eb-320a976a5e13___Com.G_SpM_FL-1529.JPG,17
4991eaa2-e553-4132-834d-628a9dae9a0d___Com.G_SpM_FL-1528.JPG,17
4457d445-c255-47ae-8856-6975d6941db6___Com.G_SpM_FL-1527.JPG,17
c7f52fd0-9e7e-4b53-abfe-cf6cd7a21ca2___Com.G_SpM_FL-1530.JPG,17
0e9318de-e920-4d2c-bb61-5ef0a628d273___Com.G_SpM_FL-9302.JPG,17
d4ea7c9d-a3ff-4055-a150-77a5bf30c2b6___Com.G_SpM_FL-9299.JPG,17
f581a55f-a154-4266-8306-aa00abd9ebe8___Com.G_SpM_FL-9301.JPG,17
13a2ffdb-0bf0-40e2-96f0-d8ce463a73d8___Com.G_SpM_FL-9300.JPG,17
d8e166cb-9d9f-4c18-8aa4-f09b04948cbf___Com.G_SpM_FL-9405.JPG,17
c49ea20c-5607-409b-9cac-1895d8a417a8___Com.G_SpM_FL-9407.JPG,17
4f2684bf-6392-4ce6-9e5a-4b37f44483be___Com.G_SpM_FL-9406.JPG,17
48b37631-48d1-4606-bdb7-e6015eb77caa___Com.G_SpM_FL-9404.JPG,17
f1588800-6f56-478b-8930-8d55cb309b24___Com.G_SpM_FL-9274.JPG,17
de35bfb0-60b8-4a97-8ae5-e0f34a9302ff___Com.G_SpM_FL-9276.JPG,17
f8ffac77-3323-4fdb-814b-4a1967048978___Com.G_SpM_FL-9275.JPG,17
c0ca3321-6ed1-4c27-a887-a2ad75b1766b___Com.G_SpM_FL-9273.JPG,17
2b92d125-cf19-499f-9987-9579b0ba695b___Com.G_SpM_FL-8591.JPG,17
d3374e35-7f8f-4abc-aae9-d04dcde0c6b2___Com.G_SpM_FL-8589.JPG,17
815f01f8-4e09-47ee-abfb-a8035a86a080___Com.G_SpM_FL-8590.JPG,17
df84f40f-a2b6-49db-af29-cb8917674a93___Com.G_SpM_FL-8588.JPG,17
7cbad09d-030d-49c2-9262-0dc859f72790___Com.G_SpM_FL-8504.JPG,17
0247236f-c1ae-4b3f-92b3-9077fe5cb3c3___Com.G_SpM_FL-8505.JPG,17
edd1f4cc-f94d-4e4a-af9d-56a93a6068c4___Com.G_SpM_FL-8507.JPG,17
57e95bba-efa5-47e8-b069-a09fe0278146___Com.G_SpM_FL-8506.JPG,17
2ff25000-2715-471d-bb1d-50af786bc8f6___Com.G_SpM_FL-8814.JPG,17
97b67701-3294-4612-8443-47c8f521ad55___Com.G_SpM_FL-8815.JPG,17
d6742063-9b9e-42b7-9ac4-bda7e2eeb12d___Com.G_SpM_FL-8813.JPG,17
adbac054-fccb-4578-8139-b91bea38110b___Com.G_SpM_FL-8812.JPG,17
adb33e14-0bb3-4c1a-bb17-6c2f71993d90___Com.G_SpM_FL-9043.JPG,17
47b9fa43-926d-496f-9315-d0abd74a0802___Com.G_SpM_FL-9041.JPG,17
e848de1c-715f-4e90-b045-7b02433744f9___Com.G_SpM_FL-9044.JPG,17
63d168ad-84fa-43b7-8da8-c8a0ee3928e8___Com.G_SpM_FL-9042.JPG,17
43723714-f919-49eb-a0c5-0dd8b1aacf1f___Com.G_SpM_FL-1232.JPG,17
ddc184a0-ee42-44a4-80ee-ece8e67f1cc9___Com.G_SpM_FL-1231.JPG,17
84576436-8772-4a27-8575-47a0e45adb81___Com.G_SpM_FL-1229.JPG,17
a9f8dc74-80c2-47d5-98e9-ac83c003b2b0___Com.G_SpM_FL-1230.JPG,17
a5c94846-a321-407d-b2d9-b29d18e24911___Com.G_SpM_FL-1555.JPG,17
bc67ad59-d7a0-4382-96dd-e05a19f7efb2___Com.G_SpM_FL-1552.JPG,17
12a4f265-5ed5-4818-be8a-5225f8043446___Com.G_SpM_FL-1554.JPG,17
e1d723d5-d1dc-4116-9940-1b3e68d7e14b___Com.G_SpM_FL-1553.JPG,17
4d1d81ce-2c5e-469f-857f-83691b0cdab9___Com.G_SpM_FL-9566.JPG,17
8d0dffc7-aecb-4583-b3a3-1027fb4fd3d1___Com.G_SpM_FL-9567.JPG,17
eac6b680-4e8b-48bf-b85b-c2296d7c1853___Com.G_SpM_FL-9565.JPG,17
717bd952-0dc6-4e7c-96b1-d0c30f208c58___Com.G_SpM_FL-9568.JPG,17
e6ebca7a-cacc-4ca4-bf8b-1c5f63f847dc___Com.G_SpM_FL-1511.JPG,17
a1fc0694-984c-427c-89e6-11ae9b9175da___Com.G_SpM_FL-1512.JPG,17
418da11b-7ab4-404a-8179-555235e3f283___Com.G_SpM_FL-1514.JPG,17
21f453e9-2c35-42f3-9f9f-2a0bedee16d0___Com.G_SpM_FL-1513.JPG,17
76cdaf18-eb63-4007-a72d-95c9339430bb___Com.G_SpM_FL-1422.JPG,17
09434fa9-0733-4ef5-9cc3-db29d1e3a480___Com.G_SpM_FL-1425.JPG,17
7c4005f6-3034-44aa-b6b8-2ab0386f5262___Com.G_SpM_FL-1424.JPG,17
497e7ecf-8350-4490-9946-b6e55f90d382___Com.G_SpM_FL-1423.JPG,17
bc11e584-4fef-4e36-95f4-0610bf8d2535___Com.G_SpM_FL-8676.JPG,17
6b769652-dc4d-43ba-b6e1-b1b0da57a9fc___Com.G_SpM_FL-8677.JPG,17
ea697bbb-9f03-4415-980e-9966f66f1e8c___Com.G_SpM_FL-8678.JPG,17
f1f40bbd-df07-4674-a604-03201e6096f7___Com.G_SpM_FL-8679.JPG,17
